Company,Date,Current_Asset,Current_Liability,Inventory,Total_Liability,Total_Assets,EBIT,Interest_Expense,Accounts_Receivable,Sales_revenue,Cost_of_Sales,Net_Profit,NOI,Net_Cash_Flows_from_Operating_Activities,Capital_Eexpenditure,,ROE,,,,,Current Ratio,Quick Ratio,Debt to Assets Ratio,Interest Coverage Ratio,Inventory Turnover Ratio,Accounts Receivable Turnover Ratio,Gross Profit Margin,Net Profit Margin,Capitalization Rate,Operating Cash Flow to Profit Ratio
公司名称,报告时限,流动资产,流动负债,存货,总负债,总资产/资产总值,息税前利润,利息费用,平均应收账款（平均？）,销售收入(销售商品、提供劳务收到的现金/营业收入？),销售成本(销售费用),净利润,年净营运收入NOI,经营活动产生的现金流量净额,资本支出,,净资产收益率,,,,,,,,,,,,,,
BiGuiYuan,2023_Half_Year,1432645,1190274,7531,190487.89,1618529,5358,7054,30508,226309,250572,40835,-45213,472.81,125.53,,-0.2048,,,,,1.203626224,1.197299109,0.117691985,0.759569039,33.27207542,7.418021503,-0.107211821,0.180439134,-0.027934625,0.011578548
BiGuiYuan,2022_Year,1537082,1231209,7277,108151,1744467,5361,3892,34879,430371,397488,-2962,6442,4355.9,278.99,,0.0002 ,,,,,1.248433044,1.242522594,0.061996587,1.377440904,54.62250928,12.33897187,0.07640617,-0.006882434,0.003692818,-1.470594193
BiGuiYuan,2022_Half_Year,1676216,1339059,9239,237254,1891479,5358,1962,34039,162363,145153,1907,7044,784.59,131.74,,-0.0216,,,,,1.251786516,1.244886894,0.125433061,2.73088685,15.71089945,4.769910984,0.105997056,0.011745287,0.00372407,0.411426324
BiGuiYuan,2021_Year,1713937,1378905,9689,258700.01,1948365,68949,4201,36212,523064,430282,40982,60399,1704.27,564.43,,0.0005 ,,,,,1.242969603,1.235943013,0.132778001,16.41252083,44.40933017,14.44449354,0.177381735,0.078349877,0.030999838,0.041585818
BiGuiYuan,2021_Half_Year,1766568,1469637,9566,270783.97,2017460,37245,2142,36248,234930,188646,22420,32220,1615.41,216.03,,-0.0204,,,,,1.20204377,1.19553468,0.134220242,17.38795518,19.72046833,6.481185169,0.197011876,0.095432682,0.015970577,0.072052186
BiGuiYuan,2020_Year,1742156,1492959,10907,268959.37,2015809,85529,2723,35955,462856,361951,54118,71965,-3307.85,622.09,,0.0006 ,,,,,1.166914832,1.159609206,0.133425027,31.40984209,33.18520216,12.87320261,0.218005168,0.116921894,0.035700307,-0.061122917
BiGuiYuan,2020_Half_Year,1706590,1453993,9029,244051.2,1963269,35887,2220,37699,184957,140070,21926,31418,-2269.54,219.58,,-0.0210,,,,,1.173726421,1.167516625,0.124308589,16.16531532,15.51334589,4.906151357,0.242688841,0.118546473,0.016002901,-0.103509076
HengDa,2023_Half_Year,1578464,2291566,896,96634,1743997,-32412,1881.48,31408.66,128181,118385,-39248,-11720,5437,1666.31,,0.0591 ,,,,,0.688814549,0.68842355,0.055409499,-17.22686396,132.1261161,4.081071908,0.076423183,-0.306192025,-0.006720195,-0.138529352
HengDa,2022_Year,1665189,2352923,532,2437412,1838338,-112763,4901.82,32834.32,230067,205080,-125814,-64408,41605,1666.31,,0.2084 ,,,,,0.707710792,0.70748469,1.325878049,-23.00431268,385.4887218,7.006906188,0.108607493,-0.546858089,-0.035035994,-0.330686569
HengDa,2022_Half_Year,1713921,2419613,745,2474087,1915903,-80968,5141.74,32834.32,89281,82169,-86169,-39364,4295,1666.31,,0.1570 ,,,,,0.708345095,0.708037194,1.291342516,-15.74719842,110.2939597,2.719136562,0.079658606,-0.96514376,-0.020545925,-0.049843911
HengDa,2021_Year,1893821,2521136,203,2580150,2107096,-698895,7084.3,2063.65,250013,268461,-686219,-581529,-51601,4638.66,,0.2066 ,,,,,0.751177644,0.751097124,1.224505196,-98.65406603,1322.46798,121.1508735,-0.073788163,-2.744733274,-0.275986002,0.075196111
HengDa,2021_Half_Year,1952593,1572759,357,1966534,2377575,17914,918.29,6481.71,222690,193855,10499,25690,-14831,1816.97,,0.1872 ,,,,,1.241508076,1.241281086,0.827117546,19.50799856,543.0112045,34.3566744,0.129484934,0.047146257,0.010805127,-1.412610725
HengDa,2020_Year,1637799,1221511,358,1950728,2301159,68245,1874.82,21669.9,507248,384643,31400,69712,110063,2799.38,,0.2043 ,,,,,1.340797586,1.340504506,0.847715434,36.40082781,1074.421788,23.40795297,0.241706227,0.061902659,0.0302943,3.505191083
HengDa,2020_Half_Year,1928043,1476641,473,1982642,2299097,36825,1070.8,7169.28,266631,199949,14761,47379,3613,851.64,,0.1677 ,,,,,1.305695155,1.305374834,0.86235683,34.39017557,422.7251586,37.19076393,0.25009095,0.055361155,0.020607656,0.244766615
DaYueCheng,2023_Third_Quarter,152720.365,93048.39942,98908.66764,160513.2139,208198.0072,1031.905744,2164.588013,376.4141136,28748.33396,922.4475104,-74.94144654,880.71,1261.4,367.76,,-0.0012,,,,,1.641300291,0.578319431,0.770964219,0.476721546,0.009326256,76.37421904,0.96791301,-0.00260681,0.004230156,-16.83180747
DaYueCheng,2023_Half_Year,149010.0443,91840.20848,95081.10987,158622.6333,205969.2805,1343.874019,1454.134803,384.1943406,21167.66948,611.3552402,540.4717658,1149.98,3370.03,365.85,,0.0116 ,,,,,1.622492443,0.587203963,0.770127627,0.924174303,0.006429829,55.09625531,0.971118444,0.025532889,0.00558326,6.235348844
DaYueCheng,2023_First_Quarter,149220.1833,91959.63908,94804.64004,91959.63908,206133.5491,877.060672,701.7427829,381.2939503,11183.19569,254.1376138,612.3929,1048.38,2748.3,404.86,,0.0130 ,,,,,1.622670389,0.591732893,0.446116799,1.249832123,0.002680645,29.3295912,0.977275045,0.054760099,0.005085926,4.487805133
DaYueCheng,2022_Year,157707.4749,103617.7461,95704.89932,166927.9499,214432.2678,-431.4625554,2622.721752,317.4159515,39578.6918,1554.51596,-2222.645436,5012.09,2710.45,1571.07,,-0.0454,,,,,1.522012211,0.59837796,0.778464695,-0.164509466,0.016242804,124.690305,0.960723412,-0.056157628,0.023373768,-1.219470257
DaYueCheng,2022_Third_Quarter,158552.8852,105145.5127,103524.2261,163733.084,215103.6264,2428.050024,1871.887044,561.299191,24857.97865,1001.840794,1137.55874,781.2,2943.97,374.6,,0.0225 ,,,,,1.507937725,0.52335718,0.761182351,1.297113536,0.009677356,44.28650361,0.959697415,0.045762319,0.003631738,2.587971853
DaYueCheng,2022_Half_Year,161832.3161,166117.076,107139.214,166117.076,218030.2982,2084.467147,1203.427389,471.3107643,15001.30236,593.1547635,1058.091149,998.68,-23.9,215.87,,0.0206 ,,,,,0.974206385,0.32924431,0.761899045,1.73210878,0.005536299,31.82889824,0.960459782,0.070533286,0.004580464,-0.022587846
DaYueCheng,2022_First_Quarter,155300.6301,95720.38127,100571.7174,157378.8998,210493.9993,1487.09085,594.6180915,380.7119228,8181.059587,262.904682,791.5020576,2005.23,-336.31,536.21,,0.0150 ,,,,,1.622440571,0.571758197,0.747664543,2.500917599,0.002614102,21.48884523,0.967864226,0.096748111,0.009526305,-0.42490098
DaYueCheng,2021_Year,157562.4061,103302.5362,102003.378,160635.9267,212727.1045,2920.681573,2175.676772,301.4771627,42614.49736,1420.916167,767.4240499,7095,-8464.13,2885.1,,0.0155 ,,,,,1.525252059,0.537828306,0.755126748,1.342424395,0.013930089,141.3523233,0.966656508,0.018008521,0.03335259,-11.02927384
DaYueCheng,2021_Third_Quarter,169920.0115,108248.2048,109355.6184,172396.2811,224098.6809,3101.229791,1507.70058,371.8118858,22128.78313,730.5863094,1840.352473,1571.19,-731.43,310.72,,0.0138 ,,,,,1.569725906,0.559495588,0.769287353,2.056926841,0.00668083,59.51607245,0.966984795,0.083165552,0.007011152,-0.39744017
DaYueCheng,2021_Half_Year,161082.6397,105639.249,101864.4147,164433.6146,213921.8883,1931.088378,966.6433863,434.5903559,14248.38189,430.5940506,1161.482135,1266.04,-6010.92,1446.59,,0.0153 ,,,,,1.524837039,0.560570295,0.768661945,1.997725744,0.004227129,32.78577561,0.969779442,0.081516775,0.005918235,-5.175215202
DaYueCheng,2021_First_Quarter,153564.167,97345.56725,90097.4845,158432.3042,204596.9596,894.0795292,486.9937977,381.6966618,6891.125245,202.9080226,489.8376412,1282,-1782,270,,0.0154 ,,,,,1.577515766,0.651973011,0.774362945,1.835915639,0.002252094,18.05393113,0.970555168,0.071082388,0.006265978,-3.637940106
DaYueCheng,2020_Year,149264.0473,97963.66732,87457.16057,154225.1228,199871.388,3124.812506,2370.874475,319.1105549,38445.28426,1093.31333,1122.703856,6475.61,9814.11,1622.37,,0.0184 ,,,,,1.523667411,0.630916425,0.771621813,1.317999978,0.01250113,120.4763793,0.971561835,0.029202642,0.032398884,8.74149487
DaYueCheng,2020_Third_Quarter,148973.9063,87241.0923,85064.26569,154165.6671,198066.4027,897.3902318,599.5892176,523.9647602,5617.253329,290.8545363,503.6506691,1230,6198,220,,0.0224 ,,,,,1.707611659,0.732563508,0.778353446,1.496675066,0.003419233,10.72067008,0.948221218,0.089661377,0.006210039,12.30614865
DaYueCheng,2020_Half_Year,148254.3762,65032.40774,81395.14344,154899.6128,197250.3771,1922.240511,1922.240511,529.7565199,12186.84054,1261.450951,964.4675082,1804,2717,397,,0.0156 ,,,,,2.279699943,1.028090995,0.785294381,1,0.015497865,23.00460698,0.896490731,0.079140078,0.009145737,2.817098531
DaYueCheng,2020_First_Quarter,142023.06,83269.38798,75057.10158,149427.8446,192228.9316,919.8710078,664.6520363,427.2786312,5458.737756,134.4719103,461.8168405,1422,-2538,310,,0.0188 ,,,,,1.705585491,0.804208606,0.777343157,1.383988851,0.001791595,12.77559269,0.97536575,0.084601397,0.00739743,-5.495685254
NanDuWuYe,2023_Third_Quarter,1817.34644,1322.239376,16.31343861,1385.425271,2496.009901,157.1775609,4.49773918,684.0879236,1304.094744,17.34976748,122.399367,25.55,-35.53847531,1.27,,0.1113 ,,,,,1.374445863,1.362108128,0.555056,34.94590383,1.063526084,1.906326218,0.98669593,0.093857726,0.010236338,-0.290348522
NanDuWuYe,2023_Half_Year,1823.132794,1339.059791,14.45403554,1407.198472,2493.620042,128.0610189,2.11983962,641.1927962,930.7701378,11.87474495,98.0763016,54.74,-35.53847531,1.67,,0.0909 ,,,,,1.361502157,1.35070799,0.564319523,60.4107111,0.821552218,1.451622887,0.987242022,0.10537113,0.021952021,-0.362355378
NanDuWuYe,2023_First_Quarter,1650.452787,1158.367097,14.20267826,1229.288023,2323.548495,54.61902771,1.04280164,617.3408659,459.6593108,6.91920081,42.78572955,64.98,-32.55405053,0.76,,0.0397 ,,,,,1.424809797,1.412548849,0.529056323,52.37719775,0.487175777,0.744579431,0.984947111,0.093081394,0.027965846,-0.760862345
NanDuWuYe,2022_Year,1719.727164,1169.010115,13.95517584,1242.381242,2293.855984,197.5188585,6.27432243,533.6393204,1846.729693,31.73925392,154.9899319,205.72,156.088704,13.51,,0.1485 ,,,,,1.471096907,1.459159307,0.541612573,31.48050817,2.274371479,3.46063272,0.982813265,0.083926702,0.08968305,1.007089313
NanDuWuYe,2022_Third_Quarter,1789.440081,1141.746715,13.95513128,1277.366306,2330.184009,193.6404311,5.08315436,659.3818399,1377.572948,17.85918267,149.5123792,55.4,36.69104632,3.4,,0.1421 ,,,,,1.567282881,1.555060265,0.54818259,38.09454079,1.27975741,2.089188486,0.987035763,0.108533185,0.023774946,0.245404739
NanDuWuYe,2022_Half_Year,1814.505738,1228.369923,13.62788069,1370.72004,2367.123162,132.4820208,3.26122126,606.6168211,896.8171651,11.06208179,95.09779716,74.16,73.2664092,1.03,,0.0961 ,,,,,1.477165554,1.466071273,0.579065788,40.62343834,0.811724291,1.478391521,0.987665176,0.106039225,0.031329168,0.770432243
NanDuWuYe,2022_First_Quarter,1653.57469,1041.819239,14.15130764,1209.630911,2215.330603,53.46380033,2.11594229,539.7005247,414.6703114,5.21216531,39.52930032,61.2,-43.12207616,4.89,,0.0394 ,,,,,1.587199225,1.57361596,0.546027265,25.2671354,0.368316868,0.76833409,0.98743058,0.095327057,0.027625674,-1.090888931
NanDuWuYe,2021_Year,1683.353084,994.8247229,11.87566431,1152.46941,1430.017609,233.3680264,4.77705239,409.5306968,1592.917104,32.69474957,169.5344947,226.77,191.0283414,10.67,,0.1493 ,,,,,1.692110224,1.68017278,0.80591274,48.8518876,2.753088056,3.889615886,0.979474921,0.106430205,0.158578467,1.126781554
NanDuWuYe,2021_Third_Quarter,1416.651045,1024.728464,11.93996045,1174.231626,2108.084331,185.7344165,0.56933424,518.574699,1170.253942,16.1243022,140.6941846,60.18,21.84443633,1.25,,0.1431 ,,,,,1.382464815,1.370812986,0.557013592,326.2308911,1.350448544,2.256673812,0.986221536,0.120225346,0.028547245,0.155261828
NanDuWuYe,2021_Half_Year,1375.851134,1032.526461,11.79208322,1196.256966,2084.17303,128.2536438,0.02274152,470.8958097,764.1598644,7.78613329,89.40687789,71.62,47.51712222,4.37,,0.0957 ,,,,,1.332509322,1.32108871,0.573972002,5639.624958,0.660284798,1.622779071,0.989810858,0.117000227,0.03436375,0.531470546
NanDuWuYe,2021_First_Quarter,1272.886744,934.4854759,10.4576852,1095.059927,1970.122654,48.11357121,5.82,410.2775243,374.3990973,5.1793005,35.22036635,53,-38.7002249,4,,0.0392 ,,,,,1.362125765,1.350934917,0.555833376,8.266936634,0.495262613,0.912550835,0.986166365,0.094071718,0.026901878,-1.098802452
NanDuWuYe,2020_Year,1219.220828,915.073925,10.82307252,916.0711933,1755.913554,195.0606816,2.52,336.744186,1413.474555,29.11797821,145.3112947,184.63,124.6706752,22.97,,0.1488 ,,,,,1.332374133,1.320546594,0.521706317,77.40503238,2.690361555,4.197472781,0.979399715,0.102804323,0.105147545,0.857955848
NanDuWuYe,2020_Third_Quarter,1170.807241,899.5427068,10.08358294,901.0297305,1706.333573,152.9479904,2.52,428.5453603,1017.260652,15.51314805,111.042073,55,-21.73574833,15,,0.1442 ,,,,,1.301558261,1.290348585,0.528050168,60.69364698,1.538455938,2.373752574,0.984750076,0.109157936,0.032232853,-0.195743359
NanDuWuYe,2020_Half_Year,1208.992757,968.1013352,10.35452976,969.1926042,1740.847988,98.85029705,2.52,405.465012,659.9722062,5.87676273,72.16695138,52,9.28490992,4,,0.0913 ,,,,,1.248828726,1.238133017,0.556735919,39.22630835,0.567554767,1.627692123,0.991095439,0.109348471,0.0298705,0.128658752
NanDuWuYe,2020_First_Quarter,1300.769482,909.6315304,13.03507289,910.4608206,1676.159752,43.91106983,2.52,374.3197697,332.6967609,3.86162428,32.085821,44,-8.4745369,3,,0.0389 ,,,,,1.429996036,1.415665977,0.543182605,17.42502771,0.296248768,0.888803606,0.988392961,0.096441639,0.026250481,-0.264120931
JiangSuZhongNan,2023_Third_Quarter,226464.0259,230679.1429,134118.7592,256158.2146,280576.0325,-277.8247726,475.4878977,8312.280907,16352.43381,1051.837265,-877.9062412,-348.95,267.360451,133.15,,-0.0342,,,,,0.98172736,0.400319099,0.912972545,-0.584294099,0.007842581,1.967261934,0.93567702,-0.05368658,-0.001243691,-0.304543285
JiangSuZhongNan,2023_Half_Year,233330.5996,237227.9523,139761.499,237227.9523,288537.0883,12.70880266,231.31,5692.17824,11953.71277,808.8674083,-518.349451,313,571.3968741,36.95,,-0.0177,,,,,0.983571275,0.394426962,0.822174902,0.054942729,0.005787484,2.100024326,0.932333374,-0.043363051,0.001084783,-1.102339113
JiangSuZhongNan,2023_First_Quarter,241388.4802,243865.6716,149859.9293,270933.0114,297922.0722,-436.3041925,245.35,6793.938568,7149.740931,230.3001978,-639.2265644,-46.51,358.1394798,392.89,,-0.0223,,,,,0.989841984,0.375323637,0.909408992,-1.77829302,0.00153677,1.052370559,0.967789015,-0.089405556,-0.000156115,-0.56027002
JiangSuZhongNan,2022_Year,245765.4384,248784.0432,150807.9909,275469.3307,306722.296,-9271.571123,2042.859673,5939.224385,59036.30808,1815.610887,-9629.890538,-4956.74,6253.316303,2093.92,,-0.2932,,,,,0.987866566,0.381686246,0.89810664,-4.538525697,0.012039222,9.940070328,0.96924586,-0.163118102,-0.016160351,-0.649365253
JiangSuZhongNan,2022_Third_Quarter,273447.7598,264841.7116,173521.4949,296860.9006,337286.5489,-1755.536252,595.3105894,4878.642399,34350.69713,853.6268896,-1951.268401,-830.13,4583.359212,2.37,,-0.0443,,,,,1.032495063,0.377305615,0.880144499,-2.948941751,0.00491943,7.041036075,0.975149649,-0.056804332,-0.002461201,-2.348912742
JiangSuZhongNan,2022_Half_Year,277821.2818,267642.8317,179136.4403,301415.2828,342319.3281,-1250.000764,509.29,4770.655558,24134.5654,812.0527044,-1409.803974,418.19,4808.971027,115.79,,-0.0326,,,,,1.038029975,0.368718418,0.880509098,-2.454398799,0.004533152,5.058962045,0.966353125,-0.05841431,0.001221637,-3.41109198
JiangSuZhongNan,2022_First_Quarter,301237.4402,285933.9309,188604.7516,326830.5874,368991.7688,-448.6587278,155.44,3398.960021,7749.26643,352.1612629,-645.7378997,-458.2,3661.845368,101.13,,-0.0146,,,,,1.053521138,0.393911587,0.885739507,-2.886378846,0.001867192,2.279893374,0.954555536,-0.083328907,-0.001241762,-5.670792081
JiangSuZhongNan,2021_Year,300666.6451,283825.3647,190134.3029,325182.1873,367976.5218,-2774.983118,1182.505926,6801.780827,79210.50594,2304.030437,-3305.649238,-29.02,16771.98047,3927.25,,-0.2865,,,,,1.05933677,0.389437858,0.883703628,-2.346697006,0.01211791,11.645554,0.970912565,-0.04173246,-7.89E-05,-5.07373265
JiangSuZhongNan,2021_Third_Quarter,286043.7227,248990.8146,177662.0934,298519.3369,350939.6957,4110.468148,518.2790979,5974.232042,61084.12904,1488.54933,3128.480531,1100.2,1392.375873,513.3,,-0.0384,,,,,1.148812349,0.435283644,0.850628585,7.930993483,0.008378542,10.22459935,0.975631161,0.051215931,0.003135012,0.44506458
JiangSuZhongNan,2021_Half_Year,308001.1693,262549.1401,198191.4973,320732.2553,372985.1218,2653.108261,654.984022,5384.636789,38481.5082,963.2908974,2028.493328,1040.5,2411.56544,1482.55,,-0.0156,,,,,1.17311818,0.418244265,0.859906298,4.050645774,0.004860405,7.1465374,0.974967434,0.052713457,0.002789656,1.188845636
JiangSuZhongNan,2021_First_Quarter,297045.1858,249007.7384,187913.5374,309716.7736,360237.6701,1225.943996,301,6389.986974,14349.33366,256.5210959,917.4462888,1668,1853.678445,608,,-0.0193,,,,,1.19291548,0.438266092,0.859756764,4.07290364,0.001365102,2.245596699,0.982123135,0.063936508,0.004630276,2.020476258
JiangSuZhongNan,2020_Year,299822.4717,253200.647,184374.9112,310890.2868,359253.4527,10516.74404,706.1124515,7110.26221,78600.84831,1730.219683,7804.06614,7168.08,8467.448835,5195.89,,-0.2884,,,,,1.184129959,0.455952865,0.865378702,14.89386572,0.009384247,11.05456395,0.977987265,0.099287302,0.01995271,1.08500475
JiangSuZhongNan,2020_Third_Quarter,294617.6239,247274.793,179842.2583,303204.2505,340613.6186,2045.36719,719,12097.92368,16163.61428,489.7489946,1692.88287,1729,714.0655443,792,,-0.0356,,,,,1.191458379,0.464161204,0.890170662,2.84473879,0.002723214,1.336065155,0.969700527,0.104734179,0.005076133,0.42180446
JiangSuZhongNan,2020_Half_Year,278348.3272,233382.9156,169055.8243,288935.8834,322903.0753,3167.269452,569.8225911,10916.63254,29692.9782,700.5966812,2369.844169,876,2034.2216,1365,,-0.0176,,,,,1.192667966,0.46829693,0.894806849,5.558343073,0.004144174,2.719975972,0.976405308,0.079811602,0.002712888,0.85837779
JiangSuZhongNan,2020_First_Quarter,261756.9847,218699.8689,161452.4914,270710.3944,302503.3967,1018.268641,279,10836.34622,11585.04718,265.0601925,743.752882,1435,315.5926116,1746,,-0.0157,,,,,1.196877648,0.458639933,0.894900346,3.649708389,0.001641723,1.069091643,0.977120491,0.064199383,0.004743748,0.424324556
DianZiCheng,2023_Third_Quarter,11782.8161,5238.971157,8148.495668,11762.82641,19699.46163,59.36541454,227.123742,1384.593302,316.5904053,74.82076076,31.98505944,-57.38,-687.2042409,50.1,,0.0042 ,,,,,2.249070618,0.693708807,0.597114105,0.261379167,0.009182156,0.228652273,0.763666998,0.101029781,-0.00291277,-21.48516379
DianZiCheng,2023_Half_Year,13335.91598,6782.089668,7945.064356,13238.5028,21274.19584,182.6250892,153.9641455,1385.778713,2240.602783,61.3361182,131.042873,8.2,-780.576639,27.86,,0.0163 ,,,,,1.966343212,0.794865873,0.622279822,1.186153365,0.007720028,1.616854669,0.972625171,0.058485544,0.000385443,-5.956650838
DianZiCheng,2023_First_Quarter,11944.13188,7059.387373,7928.902483,11260.25735,19339.86297,231.6939211,75.59765033,1371.885017,1854.251208,46.69665597,-24.9885193,310.77,-669.7982134,18.21,,0.0216 ,,,,,1.6919502,0.568778731,0.582230462,3.064829662,0.005889422,1.351608324,0.974816435,-0.01347634,0.016068883,26.80423779
DianZiCheng,2022_Year,13727.03585,10499.8345,8805.218768,13216.09741,21086.83456,709.8660491,255.8528318,1379.200464,5149.674468,138.6455441,598.0081119,961.93,-713.3429661,131.04,,0.0762 ,,,,,1.307357354,0.468751872,0.626746389,2.774509253,0.015745838,3.733811438,0.973076833,0.11612542,0.045617563,-1.192865033
DianZiCheng,2022_Third_Quarter,14769.03508,10237.48413,10923.96323,12998.15844,20270.56542,127.5164117,197.0451053,244.3358194,2138.321485,60.77613084,54.30911427,-33.21,-922.3168887,54.84,,0.0075 ,,,,,1.442643026,0.375587576,0.641233146,0.647143259,0.005563561,8.751567782,0.971577646,0.025398012,-0.001638336,-16.9827275
DianZiCheng,2022_Half_Year,16080.50591,9849.035608,10205.5032,14314.85329,21705.6736,218.7118324,133.6409182,236.1216026,1875.232928,49.16102962,163.1775315,378.89,-179.2411775,37.18,,0.0219 ,,,,,1.632698525,0.596505378,0.659498229,1.636563378,0.00481711,7.941810096,0.973784041,0.087017207,0.017455805,-1.098442756
DianZiCheng,2022_First_Quarter,15742.76605,10660.96028,10709.6455,14231.96895,21392.2952,-111.8251101,48.42569275,249.7827531,283.7662866,8.09716857,-83.9843008,-47.84,-435.2524205,11.56,,-0.0115,,,,,1.476674298,0.472107616,0.665284805,-2.309210334,0.000756063,1.136052362,0.971465361,-0.295962927,-0.002236319,5.182545027
DianZiCheng,2021_Year,15875.14756,9711.454747,10443.32854,14227.36091,21476.62146,110.1458944,316.36899,240.1136367,1964.529766,71.88917248,77.23716272,301.58,2479.662143,218.91,,0.0643 ,,,,,1.634682751,0.559320839,0.662458056,0.348156418,0.006883741,8.181666782,0.963406422,0.039315853,0.014042246,32.1045214
DianZiCheng,2021_Third_Quarter,14229.14482,7282.292796,10069.23692,12885.17657,19747.61145,-336.4672938,173.8689422,137.8645896,774.4747595,28.63662544,-248.4790283,-39.75,580.2768239,2.63,,0.0116 ,,,,,1.953937479,0.571236014,0.652492916,-1.935177666,0.002843972,5.617648171,0.963024456,-0.320835541,-0.002012902,-2.335315088
DianZiCheng,2021_Half_Year,13072.6977,5246.543181,9717.661884,11421.64714,18492.36535,-228.5001356,119.9272598,142.8741725,524.1163167,18.60792845,-207.3950577,-19.09,-384.3357504,45.32,,0.0153 ,,,,,2.491678282,0.639475498,0.617641222,-1.905322743,0.001914857,3.66837692,0.964496567,-0.395704257,-0.001032318,1.853157711
DianZiCheng,2021_First_Quarter,13640.90672,5782.028464,9385.727081,12038.35708,19199.93892,-133.9283436,60.90879662,138.2243236,248.7420802,9.99594093,-108.3378725,-75,-592.7723996,24,,0.0067 ,,,,,2.359190517,0.735931978,0.626999759,-2.198834175,0.001065015,1.799553608,0.959814033,-0.435543003,-0.003906262,5.471515972
DianZiCheng,2020_Year,13986.78911,6244.916299,8925.432214,10544.74441,17810.21962,736.3254772,233.9689766,513.9598259,3770.452733,69.6789214,545.6914287,856.38,1024.650881,97.19,,0.0732 ,,,,,2.239708018,0.810476338,0.592061448,3.147107312,0.007806784,7.336084541,0.981519747,0.144728357,0.048083629,1.877711152
DianZiCheng,2020_Third_Quarter,13618.72173,5460.758249,8750.534573,10006.56363,17113.93945,400.1861813,193.4209242,52.62743413,2355.839468,26.6218585,419.3557044,240,134.4432768,19,,0.0092 ,,,,,2.493925039,0.891485566,0.584702526,2.068991154,0.003042312,44.76447517,0.98869963,0.17800691,0.014023656,0.320594844
DianZiCheng,2020_Half_Year,13218.22863,6646.846559,8463.85938,9356.637381,16418.55981,252.6098852,125.5129131,138.6374446,1279.584458,19.07177798,226.7619179,115,-333.0609036,16,,0.0228 ,,,,,1.988646572,0.715281932,0.569881737,2.012620686,0.002253319,9.229717568,0.985095335,0.17721528,0.007004268,-1.468769125
DianZiCheng,2020_First_Quarter,11853.00166,3275.874871,8308.674674,7935.501581,14930.30203,160.415941,61.18585129,601.2163205,775.0716803,5.23144554,158.2136769,239,-346.108239,23,,-0.0103,,,,,3.618270579,1.081948221,0.531503085,2.621781631,0.000629637,1.289172722,0.993250372,0.2041278,0.016007714,-2.187599997
JingTouFaZhan,2023_Third_Quarter,40981.65979,13915.52994,36317.97708,40277.26803,51047.78105,266.4986703,194.4390314,483.8099325,10141.92083,136.1494991,181.1360554,-60.6,-4993.21493,0.35,,0.0183 ,,,,,2.945030477,0.3351423,0.789011142,1.370602746,0.003748818,20.96261393,0.986575571,0.017860133,-0.001187123,-27.56610172
JingTouFaZhan,2023_Half_Year,35787.79698,10019.67062,30794.34856,35681.31253,46652.30128,391.5172226,126.4351976,508.1627717,9866.207015,114.3711527,306.7680736,107.58,-1631.071518,0.21,,0.0288 ,,,,,3.571753838,0.498364528,0.764834993,3.096584099,0.003714031,19.41544632,0.988407789,0.031092807,0.002305996,-5.316953289
JingTouFaZhan,2023_First_Quarter,40958.74318,16236.63458,36920.7534,41077.11627,52021.51662,261.9947426,67.33693559,519.2630553,3188.196668,57.26158837,198.8046577,168.79,-1899.22638,0.12,,0.0183 ,,,,,2.522612859,0.248696228,0.789617815,3.890802875,0.001550932,6.139848841,0.982039506,0.06235646,0.003244619,-9.553228793
JingTouFaZhan,2022_Year,43676.38307,19334.20825,37461.16612,43937.92055,54813.07489,335.9059944,254.9624944,513.3083329,5552.378114,160.6781649,177.2855289,248.65,-8353.843415,3.08,,0.0169 ,,,,,2.259021031,0.321462191,0.801595616,1.317472184,0.004289193,10.8168478,0.971061379,0.031929657,0.004536326,-47.12084209
JingTouFaZhan,2022_Third_Quarter,42416.0911,20866.85186,38443.72959,42329.31966,53283.72996,328.3260768,200.0840471,32.60150208,2403.351064,92.41367165,227.6413494,142.64,-7934.929953,3.61,,0.0213 ,,,,,2.032701981,0.190367073,0.794413598,1.640940802,0.002403869,73.71902859,0.961547993,0.094718309,0.00267699,-34.85715567
JingTouFaZhan,2022_Half_Year,41440.12219,20408.55434,36753.58308,41196.43289,52185.68618,202.7401845,138.5469778,32.72970657,1207.670953,54.5084212,165.990937,123.81,-5848.835261,4.68,,0.0156 ,,,,,2.030527076,0.229636016,0.789420163,1.463331699,0.001483078,36.89831287,0.95486484,0.137447155,0.00237249,-35.23587111
JingTouFaZhan,2022_First_Quarter,43667.72488,21992.5328,36502.82045,43422.43164,54538.78347,57.08088174,73.17091835,47.7707253,235.4370006,15.3322962,64.85091392,-40.45,-3868.190536,0.22,,0.0054 ,,,,,1.985570524,0.325788053,0.796175288,0.780103394,0.00042003,4.928478668,0.934877287,0.275449117,-0.000741674,-59.64743289
JingTouFaZhan,2021_Year,36431.59593,19739.97966,29239.47522,35644.16919,46803.93308,662.4890595,472.0877519,66.78011611,6765.910303,220.4986395,332.7892981,534.17,805.885184,7.15,,0.0177 ,,,,,1.845574137,0.364342863,0.761563545,1.403317618,0.007541128,101.3162405,0.967410351,0.049186182,0.01141293,2.421607872
JingTouFaZhan,2021_Third_Quarter,36089.94754,22590.28707,31182.10033,37079.68592,47057.71842,235.5447843,373.6210254,40.43271139,3775.782625,143.1544073,130.9048563,-62.06,5483.308127,3.13,,0.0209 ,,,,,1.597586938,0.217254752,0.78796183,0.630437712,0.004590916,93.38435378,0.962086163,0.034669596,-0.001318806,41.88773649
JingTouFaZhan,2021_Half_Year,36921.71504,23627.57548,31603.67462,40035.06495,48292.64094,299.2946938,250.2351379,40.69788869,2041.547549,82.56703362,200.4741181,9.34,3742.522307,0.76,,0.0148 ,,,,,1.562653564,0.225077703,0.829009641,1.196053825,0.002612577,50.16347566,0.959556644,0.098197134,0.000193404,18.66835651
JingTouFaZhan,2021_First_Quarter,35496.84778,15407.4785,31103.63133,38531.11126,47008.91319,230.267368,123.9272913,43.07167786,1684.677227,45.1515614,129.0349444,249,1031.335731,3,,0.0036 ,,,,,2.303871317,0.285135329,0.819655436,1.858084411,0.001451649,39.11334107,0.973198687,0.076593274,0.005296868,7.992685516
JingTouFaZhan,2020_Year,38166.9193,15417.8607,31657.06426,41399.2632,49809.53739,1431.684433,547.0816745,85.44332785,8864.424166,233.3770787,1063.345903,1620.42,9869.146502,10.94,,0.0185 ,,,,,2.475500333,0.422228165,0.831151329,2.616948255,0.007372038,103.746242,0.973672618,0.119956568,0.032532324,9.281219284
JingTouFaZhan,2020_Third_Quarter,38115.53435,14157.16554,33755.44854,41247.64627,48071.78052,336.1274726,427.1455544,6.82529596,3089.175287,118.7227022,257.0183921,98,5825.416277,4,,0.0225 ,,,,,2.692313956,0.307977314,0.858042823,0.786915535,0.003517142,452.6067888,0.961568156,0.083199679,0.002038618,22.66536737
JingTouFaZhan,2020_Half_Year,37336.07075,19282.69667,33690.78701,40293.62882,46970.01929,293.8530409,283.6400846,8.00801667,2047.798155,78.18585893,238.7741054,224,2020.776105,1,,0.0138 ,,,,,1.936247372,0.189044292,0.857858469,1.036006745,0.00232069,255.718518,0.961819548,0.11660041,0.004769,8.463129205
JingTouFaZhan,2020_First_Quarter,36891.78076,19026.45227,33607.93594,42117.39895,46456.21981,136.2892515,152.3740008,8.53668568,991.6580524,27.28248562,113.8281465,197,409.3865288,3,,0.0046 ,,,,,1.938973185,0.172593648,0.906604091,0.894439017,0.000811787,116.1642925,0.972488011,0.114785683,0.004240552,3.596531626
HeiMuDan,2023_Third_Quarter,25566.73042,12085.98051,8921.384827,20126.80294,31237.73987,709.7038718,166.8310322,8837.87413,3402.741395,77.37336523,471.0433185,446.01,-1006.785959,2.21,,0.0425 ,,,,,2.115403909,1.37724412,0.644310473,4.254027937,0.008672798,0.385018087,0.977261462,0.138430537,0.014277922,-2.137353231
HeiMuDan,2023_Half_Year,25144.4309,13964.50644,10231.47294,19927.87894,30749.87456,226.7738334,104.2033452,6641.494663,2543.308326,43.35160513,102.0947119,76.42,-431.6989837,0.6,,0.0096 ,,,,,1.800595747,1.067918728,0.648063747,2.176262508,0.004237083,0.382942162,0.98295464,0.040142483,0.002485213,-4.22841669
HeiMuDan,2023_First_Quarter,25526.7068,13685.30112,10144.88099,20181.83611,31188.51755,161.7317555,60.89618507,7165.962091,1804.144183,21.202218,105.7160429,184.55,-902.0570863,1.64,,0.0096 ,,,,,1.865264533,1.123966925,0.647091869,2.655860221,0.002089943,0.251765801,0.988248047,0.058596227,0.005917242,-8.532830602
HeiMuDan,2022_Year,25887.92589,14941.88929,11085.76646,20592.85177,31493.97179,1204.175969,228.3012545,6299.230106,11545.41407,228.0253562,846.2463528,1403.99,-1307.839677,32.02,,0.0790 ,,,,,1.732573799,0.990648448,0.653866458,5.274504387,0.020569201,1.832829389,0.980249703,0.073297185,0.044579642,-1.545459751
HeiMuDan,2022_Third_Quarter,29216.83825,19667.16696,14558.1492,25626.06155,35976.48167,331.5647306,144.4232757,7499.463802,5083.066344,155.2199772,209.8350645,253.64,-1259.439032,3.76,,0.0205 ,,,,,1.485564154,0.74533811,0.71230038,2.295784589,0.010662068,0.677790636,0.969463319,0.041281197,0.007050161,-6.002042772
HeiMuDan,2022_Half_Year,31196.86834,20030.39847,17427.76767,26397.89985,36841.7025,94.4534246,96.82267923,4791.30314,1634.294664,88.85198501,52.96074272,20.65,-1977.239021,3.93,,0.0051 ,,,,,1.557476173,0.687410223,0.716522258,0.975529962,0.0050983,0.341096069,0.945632824,0.032405871,0.000560506,-37.33405008
HeiMuDan,2022_First_Quarter,30940.30677,19182.08492,17132.55163,25641.26122,36522.27595,37.86217759,68.16980777,4784.722203,968.2413645,39.24117793,21.53432245,75,-2085.752226,17.01,,0.0021 ,,,,,1.612979345,0.719825567,0.702071833,0.555409775,0.002290446,0.202361041,0.959471699,0.022240655,0.002053541,-96.85710943
HeiMuDan,2021_Year,29603.4715,17533.28804,15780.36139,24093.17772,34827.58394,1207.268691,171.0439664,4645.623387,9826.675068,241.5883702,852.7220552,1513.98,-1819.479243,109.07,,0.0811 ,,,,,1.688415283,0.788392347,0.691784356,7.05823606,0.015309432,2.115254348,0.975415044,0.086776254,0.043470716,-2.133730717
HeiMuDan,2021_Third_Quarter,27789.0945,16629.42831,13174.12372,22387.70046,33097.56372,1072.039351,118.0876846,5593.745904,6908.665744,183.877306,828.3796685,311.56,-750.451116,11.33,,0.0239 ,,,,,1.671079365,0.87886189,0.676415359,9.078333229,0.01395746,1.235069641,0.973384542,0.119904436,0.009413382,-0.905926527
HeiMuDan,2021_Half_Year,27965.78268,17061.42222,12493.77427,22775.96611,33390.89048,765.3601643,83.43010245,4998.17889,5066.108109,112.442196,601.9264269,343.89,-266.8225327,31.69,,0.0056 ,,,,,1.639123768,0.906841658,0.682101189,9.173669237,0.008999858,1.013590794,0.977805015,0.118814367,0.010298917,-0.443280974
HeiMuDan,2021_First_Quarter,28427.7757,17686.56089,13231.24899,23332.27174,33879.1092,422.4164298,46.31183899,5318.982191,2237.233486,51.2464015,308.6354779,450,-1141.764834,50,,0.0018 ,,,,,1.607309407,0.859213207,0.688692008,9.121132718,0.003873134,0.420613081,0.977093852,0.137954076,0.013282522,-3.69939594
HeiMuDan,2020_Year,28462.8715,18383.6544,13108.60291,23489.44293,33744.92841,1744.046512,148.649657,5382.601191,10211.60363,243.0443955,1276.328587,1744.36,928.0251913,72.66,,0.0795 ,,,,,1.548270593,0.835213078,0.696088095,11.73259695,0.018540831,1.897150331,0.976199194,0.124988066,0.051692509,0.72710523
HeiMuDan,2020_Third_Quarter,27981.50344,19053.89748,14096.8167,23249.72906,33423.26642,1563.817828,119.2889674,5518.677493,6731.209254,177.0709387,1161.149713,788,-385.2613663,10,,0.0198 ,,,,,1.468544872,0.72870586,0.695615107,13.10949253,0.012561058,1.219714191,0.973694037,0.172502394,0.023576391,-0.331793017
HeiMuDan,2020_Half_Year,27409.97793,18361.73618,13137.61077,23020.67481,32841.11461,763.6057886,68.82031994,5274.765031,3574.582036,96.91158879,550.4780544,236,85.20569006,14,,0.0061 ,,,,,1.492777026,0.777288543,0.700971178,11.09564427,0.007376652,0.67767607,0.972888694,0.15399788,0.007186114,0.154784899
HeiMuDan,2020_First_Quarter,25242.65482,16574.07397,11764.88184,20925.13713,30725.52608,498.1367976,30.7601566,5433.017022,2264.98438,42.05986574,353.132995,527,-221.4830928,6,,0.0023 ,,,,,1.523020523,0.813184073,0.6810343,16.19422177,0.003575035,0.416892561,0.981430395,0.155909682,0.017151863,-0.627194558
STZhongDi,2023_Third_Quarter,247.8822922,123.3924597,28.40631189,256.6954072,366.9881141,10.01901396,0.70726789,19.25761907,153.3013091,7.2469461,8.01248391,-5.42,122.4267179,0.02,,-0.1161,,,,,2.008893353,1.778682269,0.69946518,14.16579786,0.255117459,7.960553615,0.952727435,0.052266246,-0.014768871,15.27949625
STZhongDi,2023_Half_Year,238.7456214,117.1566121,23.43623168,248.1649384,360.3233729,10.89098994,0.48071253,16.87894494,103.8519717,4.9137702,9.87821154,-4.69,88.75492017,0.57,,0.0000 ,,,,,2.037833095,1.837791192,0.688728395,22.65593106,0.209665541,6.152752558,0.952684864,0.09511819,-0.013016086,8.984917949
STZhongDi,2023_First_Quarter,241.5574279,125.8403996,30.86789342,252.2566463,353.8986336,-0.34693368,0.37016931,15.63866978,49.53124017,2.60804256,-0.63823565,-5.88,39.79708564,0.07,,0.0000 ,,,,,1.919553884,1.674259896,0.712793502,-0.937229723,0.084490461,3.167228471,0.947345503,-0.012885517,-0.016614927,-62.35484596
STZhongDi,2022_Year,2137.913755,1249.143318,1932.016879,1736.316408,2308.113906,-282.8816535,78.27218776,15.63866978,427.8031099,25.11675329,-292.8174021,-38.69,112.7513054,0.55,,-0.4684,,,,,1.711503975,0.164830466,0.752266344,-3.614076233,0.013000276,27.35546667,0.941288989,-0.68446768,-0.016762604,-0.38505671
STZhongDi,2022_Third_Quarter,2476.530421,1740.93945,2289.523897,1893.863513,2660.913297,-98.53588136,58.78384195,15.63866978,418.2208845,58.78384195,-96.85261843,-11.84,103.7395385,0.55,,-0.1172,,,,,1.422525305,0.107417018,0.711734394,-1.676240921,0.025675138,26.7427403,0.859443074,-0.231582453,-0.0044496,-1.071107216
STZhongDi,2022_Half_Year,2449.232728,1654.855407,2260.890546,1830.581329,2630.570331,-64.78496359,38.807816,15.63866978,406.1289318,15.94299451,-63.31657256,0.53,86.21989541,0.55,,-0.0713,,,,,1.480028236,0.113811866,0.695887621,-1.669379271,0.007051644,25.96953178,0.960744007,-0.15590264,0.000201477,-1.361727142
STZhongDi,2022_First_Quarter,2791.560429,2019.989684,2561.293574,2152.715606,2976.910257,-38.86315478,19.14140725,15.63866978,28.34993728,9.77825029,-38.73056772,-16.82,46.21248378,0.55,,-0.0483,,,,,1.381967666,0.113994075,0.723137555,-2.03031858,0.0038177,1.81281002,0.65508741,-1.366160614,-0.005650154,-1.19317858
STZhongDi,2021_Year,2728.454478,1920.675293,2491.436585,2053.401215,2916.220825,-381.8892804,80.37071022,15.63866978,784.6464149,28.09236875,-375.6780978,2.46,146.4700674,0.01,,-0.4963,,,,,1.420570404,0.123403416,0.704130907,-4.751597682,0.01127557,50.17347549,0.964197417,-0.478786484,0.000843558,-0.389881838
STZhongDi,2021_Third_Quarter,3576.709135,2009.149515,3312.120881,2635.663781,3756.891429,-116.8788116,60.91942618,15.63866978,53.10365766,15.92183067,-117.26667,-13.7,48.23171774,0.01,,-0.1253,,,,,1.780210536,0.131691669,0.701554418,-1.91858031,0.004807141,3.39566334,0.700174501,-2.208259753,-0.003646632,-0.411299457
STZhongDi,2021_Half_Year,3530.67128,1730.147744,3217.487734,2564.973773,3719.28756,-83.79327674,41.88180608,15.63866978,38.00686616,9.68877953,-84.18053125,-7.38,30.04370722,0.01,,-0.0787,,,,,2.040676175,0.181015492,0.689641156,-2.000708293,0.003011287,2.430313236,0.745078179,-2.214876936,-0.001984251,-0.356896147
STZhongDi,2021_First_Quarter,3687.567544,1825.49714,3153.802819,2649.064279,3850.075741,-40.39467401,0.95987819,15.63866978,12.40528358,2.23384091,-37.28621242,-10.51,-32.12422614,0.01,,-0.0533,,,,,2.020034688,0.292394172,0.688055108,-42.08312516,0.000708301,0.793244167,0.819928267,-3.005671912,-0.002729816,0.861557773
STZhongDi,2020_Year,3727.289689,1831.527764,3142.688392,2643.776697,3882.01907,-304.5634296,68.40753206,15.63866978,106.1976995,32.81458727,-306.2547272,-54.98,-74.36748211,0.03,,-0.4743,,,,,2.035071355,0.319187789,0.681031352,-4.452191453,0.010441566,6.790711806,0.691004726,-2.883816963,-0.014162733,0.242828846
STZhongDi,2020_Third_Quarter,4428.513929,1767.243568,4007.376724,3128.280169,4643.448351,-25.10625626,13.3520127,15.63866978,33.09653497,7.18430132,-23.79008824,-10.02,-26.06590749,0.03,,-0.1178,,,,,2.505887705,0.238301733,0.673697634,-1.88033496,0.001792769,2.116326736,0.782928898,-0.718809031,-0.002157879,1.095662497
STZhongDi,2020_Half_Year,4420.859653,2004.917031,3936.859112,3098.334275,4636.755291,-9.98009988,6.02350556,15.63866978,60.17492882,16.30399101,-7.14790066,0.42,-76.40085494,0.03,,-0.0623,,,,,2.205008778,0.241406768,0.66821173,-1.65685908,0.00414137,3.84782911,0.729056746,-0.118785361,9.06E-05,10.68857257
STZhongDi,2020_First_Quarter,3595.755815,1756.698661,3086.960939,2780.133038,4303.090807,-18.95230411,4.32399559,15.63866978,14.95856755,7.72609927,-17.99252187,-15.6,-62.78834227,0.03,,-0.0478,,,,,2.046882539,0.289631277,0.646078171,-4.383053524,0.002502817,0.956511504,0.483500058,-1.202823854,-0.003625301,3.489691035
