股票代码,报告时限,流动资产,存货,总负债,总资产,应收账款,营业收入,营业成本,流动负债,经营活动产生的现金流量净额,净利润,营业利润
600048.sh,2022年中报,1273740.69 ,844700.49 ,1110754.70 ,1432582.12 ,4035.84 ,110723.03 ,82466.91 ,816622.24 ,-22460.01 ,15002.97 ,19191.55 
000537.sz,2022年中报,12184.30 ,2.59 ,20597.91 ,38012.29 ,5669.02 ,1772.71 ,743.29 ,3682.72 ,-10455.94 ,464.80 ,496.74 
000537.sz,2022年年报,10453.50 ,2.44 ,19858.69 ,37540.55 ,4855.15 ,3429.81 ,1597.76 ,3085.77 ,-8207.49 ,731.92 ,818.24 
600649.sh,2022年年报,56402.61 ,48834.65 ,49747.70 ,71329.15 ,1987.60 ,8468.14 ,7633.42 ,13986.15 ,-8179.99 ,785.00 ,1507.39 
000069.sz,2022年中报,372610.75 ,255655.06 ,351512.20 ,473372.74 ,1103.96 ,16395.57 ,12345.79 ,232029.48 ,-6202.01 ,762.39 ,1020.65 
600639.sh,2023年中报,20012.31 ,16712.29 ,20667.28 ,37430.92 ,242.24 ,4844.89 ,1171.48 ,10948.72 ,-6038.30 ,1493.20 ,2010.51 
000090.sz,2022年中报,57297.50 ,34548.06 ,51917.76 ,65435.97 ,3211.28 ,8278.52 ,5537.44 ,41325.16 ,-5482.87 ,1287.31 ,1833.68 
600736.sh,2022年中报,47830.39 ,29703.83 ,46451.29 ,63003.77 ,504.72 ,5261.20 ,4529.29 ,19818.10 ,-4802.71 ,267.80 ,433.92 
600736.sh,2022年年报,47134.99 ,29540.98 ,48212.73 ,64909.10 ,640.50 ,10724.17 ,9049.00 ,20078.09 ,-4679.57 ,516.91 ,705.78 
600649.sh,2022年中报,61934.83 ,51150.40 ,51271.23 ,73739.20 ,1107.20 ,2327.45 ,1684.73 ,22174.16 ,-3983.00 ,414.52 ,655.92 
600515.sh,2022年年报,24337.49 ,12790.38 ,32316.55 ,56125.45 ,1452.13 ,4700.66 ,3058.72 ,11042.86 ,-3146.65 ,1932.44 ,-17.00 
000671.sz,2022年年报,250371.44 ,173993.69 ,274636.85 ,299692.70 ,1552.29 ,39918.58 ,37206.03 ,253044.76 ,-3093.20 ,-11217.12 ,-10639.87 
600649.sh,2023年中报,54873.07 ,48786.78 ,49397.17 ,71041.46 ,1763.03 ,950.75 ,725.67 ,12833.35 ,-3060.83 ,272.39 ,384.66 
600848.sh,2023年中报,42787.19 ,33886.50 ,44846.46 ,72359.22 ,304.77 ,2080.32 ,679.53 ,27152.68 ,-2971.87 ,767.43 ,997.05 
600716.sh,2022年年报,6007.22 ,4676.16 ,3019.87 ,8138.87 ,2.49 ,607.56 ,447.31 ,2132.04 ,-2538.15 ,-390.60 ,-367.46 
600639.sh,2022年年报,16646.66 ,11494.95 ,19290.54 ,34547.68 ,260.51 ,5053.49 ,1587.06 ,12314.39 ,-2531.55 ,1552.94 ,2086.81 
600208.sh,2023年中报,68375.63 ,47455.21 ,80577.01 ,124858.55 ,12.32 ,2837.78 ,2402.13 ,58055.22 ,-2516.60 ,1604.76 ,1682.78 
002305.sz,2022年年报,19527.52 ,13677.28 ,25011.17 ,29113.85 ,229.03 ,9819.01 ,9142.98 ,19138.08 ,-2337.04 ,-632.34 ,-591.90 
600675.sh,2023年中报,53709.67 ,35165.78 ,49167.07 ,65978.05 ,255.49 ,2715.55 ,1837.96 ,28517.36 ,-2335.72 ,-136.86 ,-64.26 
600177.sh,2022年中报,33941.03 ,15870.23 ,39077.37 ,74901.65 ,289.24 ,9549.45 ,4161.75 ,30938.68 ,-2316.14 ,3183.79 ,3875.13 
002314.sz,2022年年报,37710.48 ,24139.74 ,51113.86 ,69339.37 ,869.62 ,12150.41 ,9807.76 ,30861.13 ,-2256.89 ,804.36 ,1110.91 
600708.sh,2023年中报,59193.38 ,41100.16 ,52225.25 ,64055.75 ,1529.09 ,4488.24 ,3848.65 ,23189.17 ,-2148.02 ,106.82 ,175.43 
000402.sz,2022年中报,102971.06 ,79092.58 ,110124.80 ,153710.11 ,588.22 ,10604.09 ,8485.15 ,40286.26 ,-1966.41 ,1126.15 ,1494.31 
600791.sh,2022年中报,21184.80 ,18881.82 ,16496.84 ,22110.99 ,127.89 ,949.66 ,801.74 ,13201.36 ,-1945.00 ,-11.68 ,4.70 
600177.sh,2022年年报,33685.38 ,16776.27 ,39666.57 ,77777.07 ,261.26 ,14821.20 ,6636.41 ,31364.37 ,-1935.45 ,5104.42 ,5947.70 
002208.sz,2022年年报,31886.09 ,23068.66 ,24042.68 ,33448.92 ,276.37 ,4025.88 ,2952.31 ,16631.69 ,-1885.41 ,413.06 ,541.92 
600064.sh,2022年年报,19079.07 ,13909.26 ,19747.56 ,37403.69 ,423.07 ,4482.21 ,3649.05 ,17722.91 ,-1868.72 ,2482.25 ,2650.41 
600791.sh,2022年年报,19331.07 ,16622.00 ,14419.53 ,20154.94 ,120.16 ,6178.89 ,5402.15 ,7497.36 ,-1848.05 ,132.85 ,261.07 
002208.sz,2022年中报,24471.30 ,17243.44 ,17597.88 ,26054.83 ,155.37 ,1313.31 ,879.56 ,13487.19 ,-1837.81 ,162.72 ,216.82 
600648.sh,2022年年报,20859.14 ,12288.81 ,29394.48 ,41690.26 ,788.21 ,9058.28 ,6004.42 ,20980.10 ,-1709.80 ,1263.63 ,1648.11 
002305.sz,2022年中报,25689.57 ,19610.76 ,30570.52 ,34902.54 ,235.98 ,1596.33 ,1578.07 ,23160.83 ,-1588.10 ,-351.99 ,-310.32 
600675.sh,2022年年报,39997.61 ,22467.12 ,42260.98 ,58710.59 ,323.17 ,2601.35 ,1862.61 ,22076.91 ,-1456.24 ,165.19 ,309.18 
000090.sz,2022年年报,60685.72 ,32828.47 ,55117.49 ,69205.71 ,3176.31 ,26463.99 ,21078.03 ,43092.67 ,-1454.60 ,1976.86 ,2806.10 
600515.sh,2022年中报,27650.28 ,13238.81 ,38127.12 ,58712.30 ,1455.59 ,2264.90 ,1392.30 ,16618.89 ,-1431.50 ,60.02 ,125.87 
600663.sh,2022年中报,50238.79 ,31432.88 ,82287.33 ,119966.33 ,1283.66 ,5102.09 ,1747.38 ,45841.82 ,-1431.32 ,1447.97 ,1867.57 
600648.sh,2023年中报,19642.78 ,12200.87 ,28122.82 ,40557.45 ,567.34 ,3854.32 ,2388.70 ,17401.16 ,-1430.29 ,528.04 ,658.12 
600895.sh,2023年中报,20024.67 ,13449.81 ,32052.68 ,47571.60 ,113.24 ,540.90 ,180.47 ,10122.63 ,-1410.90 ,395.07 ,506.74 
600848.sh,2022年中报,25455.98 ,20232.37 ,31083.03 ,51238.27 ,654.55 ,3352.77 ,1443.89 ,15459.22 ,-1290.74 ,772.48 ,1041.18 
002314.sz,2022年中报,44020.74 ,26632.97 ,56162.52 ,73545.55 ,947.59 ,2169.64 ,1556.30 ,34019.04 ,-1186.44 ,-125.84 ,-118.61 
600639.sh,2022年中报,13850.69 ,3760.51 ,19603.10 ,32101.17 ,291.45 ,3009.26 ,928.04 ,13855.30 ,-1176.45 ,939.49 ,1275.66 
600173.sh,2022年年报,5469.86 ,3900.69 ,2787.56 ,6487.95 ,71.13 ,5238.02 ,4367.60 ,2779.30 ,-1131.70 ,303.81 ,439.54 
000036.sz,2023年中报,5641.25 ,2054.94 ,1895.78 ,8134.08 ,47.83 ,296.14 ,150.41 ,1268.33 ,-1010.42 ,29.52 ,35.64 
600466.sh,2022年年报,120226.69 ,90508.44 ,152728.78 ,132326.63 ,2215.71 ,19304.08 ,18364.76 ,142606.43 ,-1001.34 ,-25408.03 ,-23796.43 
600895.sh,2022年中报,13186.69 ,9683.59 ,23034.96 ,37455.66 ,80.13 ,1341.29 ,510.96 ,9317.03 ,-950.85 ,22.67 ,34.38 
600533.sh,2023年中报,22071.33 ,17832.63 ,20400.05 ,24952.59 ,20.79 ,3140.52 ,2769.68 ,10399.12 ,-921.90 ,59.36 ,79.04 
600533.sh,2022年年报,19760.37 ,17291.34 ,18114.20 ,22752.69 ,13.51 ,6913.59 ,5682.96 ,10764.21 ,-904.63 ,203.95 ,309.95 
600748.sh,2023年中报,23271.23 ,12184.91 ,23315.03 ,34616.40 ,167.90 ,3449.00 ,2708.07 ,15915.86 ,-860.08 ,404.91 ,509.78 
600748.sh,2022年中报,35439.00 ,22606.93 ,30436.32 ,41275.55 ,266.46 ,1381.91 ,1044.37 ,18510.87 ,-836.98 ,-123.13 ,-80.04 
600173.sh,2022年中报,5867.05 ,3432.26 ,3264.57 ,6925.82 ,27.45 ,1719.71 ,1233.19 ,3252.23 ,-762.82 ,264.83 ,339.14 
600692.sh,2023年中报,2806.46 ,1829.13 ,2049.12 ,3449.55 ,501.73 ,522.70 ,499.77 ,1413.43 ,-731.37 ,-10.45 ,-30.73 
000671.sz,2022年中报,290594.15 ,195942.39 ,304090.20 ,340276.83 ,2454.11 ,9255.06 ,8247.48 ,274799.38 ,-699.20 ,-3482.68 ,-2894.81 
600773.sh,2023年中报,10167.48 ,8968.99 ,10135.93 ,13819.36 ,9.72 ,987.64 ,669.72 ,5367.69 ,-691.48 ,8.89 ,51.90 
000981.sz,2023年中报,6098.82 ,3479.51 ,13087.32 ,17899.11 ,857.23 ,2788.18 ,2470.11 ,10401.09 ,-688.92 ,-958.30 ,-827.15 
000029.sz,2022年年报,5008.09 ,4257.11 ,1403.23 ,5689.77 ,63.58 ,634.38 ,437.05 ,1345.82 ,-675.78 ,150.03 ,214.55 
600641.sh,2022年年报,5449.83 ,900.43 ,1377.44 ,9762.17 ,55.12 ,1157.58 ,527.37 ,828.47 ,-670.57 ,388.95 ,511.12 
000965.sz,2023年中报,12058.08 ,10761.27 ,7990.81 ,14548.39 ,9.80 ,398.58 ,287.73 ,6559.67 ,-636.22 ,9.57 ,8.72 
000042.sz,2022年中报,33084.08 ,26865.03 ,30180.07 ,38643.44 ,247.36 ,4675.36 ,2954.02 ,15979.16 ,-610.30 ,261.82 ,578.33 
000011.sz,2023年中报,13473.88 ,10848.30 ,11031.71 ,15499.54 ,416.93 ,1905.46 ,1372.16 ,6667.15 ,-580.02 ,214.94 ,294.03 
000069.sz,2022年年报,294362.04 ,196025.93 ,292288.03 ,392917.83 ,919.70 ,76767.11 ,59236.66 ,181177.01 ,-574.64 ,-12674.25 ,-9998.08 
600665.sh,2023年中报,39161.49 ,28927.00 ,35889.80 ,40950.78 ,88.47 ,4838.89 ,4286.18 ,24792.27 ,-561.25 ,43.07 ,98.86 
002016.sz,2022年中报,5230.53 ,3043.87 ,1597.76 ,6361.23 ,337.80 ,348.32 ,160.13 ,1589.95 ,-555.60 ,87.15 ,90.37 
600173.sh,2023年中报,5435.85 ,4356.25 ,2665.77 ,6510.61 ,146.53 ,3292.25 ,2966.76 ,2657.37 ,-551.17 ,202.80 ,257.84 
000029.sz,2022年中报,4971.58 ,4070.38 ,1471.07 ,5753.48 ,71.95 ,366.18 ,239.89 ,1464.44 ,-548.12 ,143.00 ,201.49 
600663.sh,2022年年报,56672.86 ,35728.05 ,88037.72 ,125696.71 ,890.47 ,11762.30 ,6913.38 ,51421.67 ,-539.03 ,1492.64 ,1987.37 
000667.sz,2022年年报,13737.94 ,10215.33 ,17481.34 ,19079.67 ,216.89 ,5291.72 ,5088.95 ,16164.98 ,-538.69 ,-1773.26 ,-1727.48 
000981.sz,2022年年报,6534.15 ,3759.15 ,12409.11 ,17881.89 ,612.04 ,3738.38 ,3451.51 ,9690.05 ,-526.07 ,-1090.49 ,-1251.60 
002133.sz,2022年年报,17945.14 ,14329.78 ,15527.03 ,20059.39 ,113.53 ,6020.19 ,5606.41 ,12288.17 ,-522.87 ,127.63 ,168.01 
600807.sh,2022年年报,3070.86 ,901.51 ,3165.84 ,3999.91 ,907.75 ,1716.71 ,1059.11 ,2730.18 ,-521.49 ,225.40 ,308.79 
000981.sz,2022年中报,6235.21 ,3327.00 ,11211.19 ,17771.33 ,646.24 ,1788.86 ,1698.42 ,8229.90 ,-521.02 ,361.89 ,341.46 
002146.sz,2023年中报,212588.92 ,157562.39 ,209332.93 ,234839.55 ,4548.46 ,22819.26 ,18750.19 ,185847.46 ,-483.96 ,680.01 ,957.60 
600895.sh,2022年年报,15859.43 ,11852.45 ,27436.72 ,42727.23 ,56.66 ,1906.72 ,722.78 ,14090.37 ,-455.74 ,870.04 ,1000.50 
000006.sz,2023年中报,23516.48 ,18178.92 ,19418.23 ,27767.69 ,37.43 ,576.15 ,378.11 ,13428.02 ,-447.45 ,7.14 ,5.77 
000656.sz,2023年中报,226898.80 ,163998.51 ,241080.40 ,275108.71 ,837.91 ,26075.01 ,22561.66 ,208218.81 ,-443.20 ,-610.16 ,-342.72 
600736.sh,2023年中报,46253.52 ,29002.25 ,48854.72 ,65941.23 ,656.18 ,5145.07 ,4574.15 ,18329.94 ,-417.15 ,316.42 ,365.76 
000011.sz,2022年中报,13068.55 ,9887.02 ,10989.76 ,15166.31 ,372.69 ,1988.30 ,1068.65 ,7009.00 ,-395.99 ,242.77 ,332.83 
600159.sh,2023年中报,3446.83 ,2336.46 ,1461.62 ,3800.51 ,301.07 ,270.62 ,224.40 ,1461.62 ,-393.37 ,6.82 ,15.40 
000031.sz,2022年中报,161832.32 ,107139.21 ,166117.08 ,218030.30 ,471.31 ,15001.30 ,9909.24 ,108055.25 ,-360.21 ,1068.09 ,2009.05 
600638.sh,2023年中报,15535.21 ,4643.22 ,17203.10 ,21857.57 ,24.39 ,1888.52 ,1625.22 ,11327.07 ,-343.74 ,109.53 ,157.41 
600641.sh,2022年中报,5694.68 ,847.18 ,1797.88 ,9652.60 ,75.41 ,166.11 ,64.25 ,1349.40 ,-320.62 ,26.69 ,32.31 
600064.sh,2023年中报,18754.66 ,12450.49 ,19339.48 ,37539.24 ,346.93 ,2772.01 ,2462.48 ,16852.36 ,-295.04 ,1167.57 ,1155.31 
000514.sz,2022年中报,7371.55 ,5824.05 ,4586.55 ,8556.36 ,120.50 ,78.60 ,76.30 ,3536.48 ,-279.58 ,-30.27 ,-53.63 
002016.sz,2022年年报,5256.71 ,3046.28 ,1948.51 ,6577.17 ,351.51 ,831.30 ,359.07 ,1935.44 ,-271.55 ,149.72 ,208.38 
000897.sz,2023年中报,5805.77 ,4475.51 ,3913.51 ,6627.09 ,56.38 ,2143.62 ,1012.85 ,3907.66 ,-244.54 ,483.17 ,631.11 
000667.sz,2022年中报,15765.54 ,11512.13 ,18947.50 ,21992.36 ,189.87 ,2615.08 ,2553.82 ,16280.37 ,-235.92 ,-397.23 ,-390.74 
600159.sh,2022年中报,3563.29 ,2461.62 ,1383.34 ,3956.82 ,242.85 ,301.41 ,234.54 ,1383.34 ,-232.61 ,13.50 ,24.75 
000732.sz,2022年年报,169659.34 ,155915.82 ,206181.77 ,214597.82 ,343.35 ,8802.85 ,8490.78 ,184699.78 ,-222.21 ,-5155.83 ,-5176.60 
600604.sh,2022年中报,10359.76 ,8942.59 ,12469.65 ,20915.36 ,338.80 ,663.97 ,320.85 ,5491.53 ,-218.95 ,14.14 ,52.89 
000838.sz,2022年年报,10054.47 ,7086.27 ,9283.78 ,10695.06 ,44.92 ,4195.65 ,3416.12 ,8468.52 ,-209.34 ,-358.31 ,-334.96 
000029.sz,2023年中报,4814.35 ,4239.90 ,1269.69 ,5453.18 ,55.88 ,263.62 ,217.23 ,1124.69 ,-192.14 ,-38.59 ,-41.20 
600807.sh,2023年中报,2590.85 ,847.21 ,2720.19 ,3516.43 ,963.22 ,401.46 ,277.47 ,2311.84 ,-179.22 ,9.55 ,-0.44 
600647.sh,2022年年报,321.27 ,33.38 ,18.08 ,351.45 ,0.15 ,18.69 ,3.06 ,18.08 ,-172.98 ,0.61 ,5.95 
000863.sz,2023年中报,5807.87 ,4221.57 ,3311.58 ,7347.92 ,42.59 ,180.49 ,112.06 ,2830.86 ,-170.32 ,-82.12 ,-101.45 
600716.sh,2022年中报,5011.09 ,2768.18 ,1566.21 ,7208.72 ,2.26 ,494.90 ,336.55 ,502.52 ,-169.45 ,78.59 ,102.59 
600807.sh,2022年中报,4618.99 ,2286.13 ,6733.02 ,7297.88 ,682.85 ,720.76 ,531.35 ,5189.92 ,-168.37 ,-218.61 ,-213.94 
600503.sh,2022年年报,3579.53 ,1845.44 ,1192.59 ,4876.57 ,4.35 ,211.46 ,121.03 ,1171.75 ,-165.28 ,70.04 ,73.21 
000573.sz,2022年中报,1215.92 ,772.25 ,804.25 ,2428.22 ,39.44 ,350.45 ,304.84 ,657.73 ,-161.15 ,13.67 ,14.33 
000514.sz,2023年中报,5753.90 ,4347.93 ,3542.49 ,7676.71 ,12.41 ,180.75 ,140.58 ,2582.02 ,-159.50 ,-6.36 ,-7.87 
600692.sh,2022年年报,2309.79 ,1032.59 ,1967.00 ,2955.71 ,443.68 ,1225.33 ,1125.86 ,1345.14 ,-153.94 ,8.09 ,13.87 
600647.sh,2022年中报,342.04 ,30.25 ,30.48 ,378.30 ,0.05 ,16.90 ,5.84 ,30.48 ,-152.08 ,15.07 ,15.01 
000909.sz,2022年年报,2153.31 ,718.05 ,2804.77 ,4326.24 ,226.84 ,939.86 ,706.65 ,2662.73 ,-146.01 ,-370.87 ,-342.26 
600466.sh,2023年中报,112320.58 ,84030.36 ,150653.19 ,126354.78 ,2135.35 ,8794.50 ,8630.58 ,139962.64 ,-143.17 ,-3151.07 ,-2907.18 
002968.sz,2023年中报,1209.20 ,4.11 ,540.36 ,1693.73 ,705.74 ,1475.41 ,1257.61 ,508.21 ,-141.84 ,86.16 ,103.76 
600463.sh,2022年年报,1662.20 ,345.72 ,1372.70 ,2560.99 ,193.13 ,652.88 ,518.17 ,1334.93 ,-139.70 ,-51.19 ,-35.07 
600684.sh,2022年中报,33551.56 ,25607.53 ,32715.60 ,35761.21 ,34.39 ,241.29 ,155.33 ,23560.43 ,-139.30 ,-887.41 ,-914.90 
600648.sh,2022年中报,20748.33 ,9673.42 ,29429.86 ,41156.90 ,620.16 ,4958.48 ,2812.13 ,20164.82 ,-138.04 ,704.60 ,1008.67 
600225.sh,2022年中报,3287.13 ,1511.37 ,4403.51 ,6439.38 ,530.37 ,214.84 ,99.42 ,3964.18 ,-127.74 ,-51.39 ,-46.52 
000036.sz,2022年中报,6507.61 ,3019.66 ,3111.58 ,9088.54 ,6.83 ,358.62 ,174.59 ,2306.29 ,-118.14 ,66.35 ,87.92 
000506.sz,2022年年报,386.15 ,188.25 ,1045.56 ,1717.70 ,17.77 ,277.15 ,294.29 ,915.65 ,-116.51 ,242.75 ,237.67 
002968.sz,2022年中报,1145.35 ,4.07 ,462.78 ,1477.74 ,535.10 ,1250.34 ,1034.95 ,430.23 ,-114.83 ,94.65 ,111.99 
000838.sz,2023年中报,6223.97 ,4573.18 ,5784.66 ,6888.74 ,39.20 ,2088.54 ,1917.85 ,5640.69 ,-109.80 ,-60.36 ,-45.43 
600215.sh,2023年中报,2150.85 ,1042.73 ,2219.49 ,4017.28 ,218.31 ,853.53 ,675.45 ,1782.03 ,-98.93 ,82.79 ,91.30 
600162.sh,2022年中报,21431.14 ,15385.14 ,20375.08 ,27858.67 ,31.74 ,1558.33 ,965.45 ,16684.59 ,-98.87 ,22.91 ,117.89 
600684.sh,2022年年报,29210.62 ,23129.47 ,29558.96 ,31362.60 ,49.96 ,3870.16 ,3351.56 ,21115.25 ,-94.17 ,-2160.32 ,-2079.33 
600503.sh,2023年中报,3269.09 ,1840.47 ,815.08 ,4478.35 ,3.05 ,43.19 ,11.43 ,795.29 ,-87.06 ,-20.80 ,-28.33 
000668.sz,2022年年报,1408.73 ,1153.99 ,1014.69 ,2327.74 ,9.46 ,638.63 ,474.50 ,1014.36 ,-86.64 ,-32.38 ,-38.08 
600716.sh,2023年中报,5848.13 ,4635.35 ,2932.15 ,8116.61 ,0.63 ,238.87 ,118.26 ,2197.01 ,-84.24 ,33.54 ,53.31 
000506.sz,2022年中报,442.35 ,196.94 ,1104.71 ,1761.06 ,12.64 ,134.81 ,146.59 ,915.92 ,-82.79 ,231.23 ,230.34 
600463.sh,2022年中报,1802.90 ,329.28 ,1455.39 ,2723.17 ,128.09 ,443.36 ,299.94 ,1396.27 ,-78.73 ,26.60 ,52.25 
000668.sz,2022年中报,2966.59 ,1608.89 ,1674.22 ,3603.82 ,848.71 ,312.50 ,240.95 ,1652.41 ,-77.17 ,5.78 ,18.87 
600067.sh,2023年中报,17024.81 ,10982.83 ,14311.66 ,22578.54 ,3428.92 ,4128.08 ,3685.61 ,12945.29 ,-70.75 ,-49.12 ,-8.26 
600604.sh,2023年中报,11589.83 ,9103.68 ,13682.61 ,22161.06 ,175.12 ,526.03 ,348.39 ,8194.12 ,-69.02 ,-19.09 ,-11.44 
000909.sz,2022年中报,3173.91 ,1138.91 ,3103.74 ,5093.30 ,307.89 ,417.43 ,281.07 ,2677.07 ,-62.77 ,32.77 ,45.00 
000014.sz,2022年中报,2079.84 ,1630.76 ,1362.78 ,2389.64 ,0.80 ,362.29 ,231.87 ,1131.60 ,-60.35 ,43.33 ,51.96 
000573.sz,2022年年报,1235.04 ,790.76 ,915.84 ,2560.63 ,26.65 ,947.38 ,854.63 ,693.41 ,-60.01 ,34.77 ,31.86 
000573.sz,2023年中报,1161.09 ,802.25 ,905.00 ,2500.33 ,37.02 ,174.53 ,146.72 ,612.64 ,-59.86 ,1.41 ,-1.72 
600638.sh,2022年中报,19962.59 ,9505.58 ,18431.50 ,23044.20 ,75.87 ,1421.96 ,1312.98 ,14338.47 ,-56.23 ,62.28 ,31.98 
600663.sh,2023年中报,60324.10 ,36789.73 ,93587.48 ,131689.82 ,786.76 ,3957.88 ,1309.31 ,54480.14 ,-56.04 ,988.28 ,1214.55 
600322.sh,2022年中报,15529.60 ,14442.31 ,16793.24 ,17494.05 ,0.02 ,2146.52 ,1908.29 ,11553.86 ,-54.29 ,-326.70 ,-311.90 
600684.sh,2023年中报,3540.48 ,105.97 ,3413.41 ,3877.95 ,311.99 ,2447.29 ,2102.96 ,3371.98 ,-47.02 ,-20.07 ,8.76 
000679.sz,2022年年报,244.24 ,37.47 ,648.42 ,968.99 ,2.91 ,149.46 ,116.46 ,642.50 ,-40.88 ,-59.78 ,-59.77 
000732.sz,2023年中报,172405.38 ,158866.72 ,211418.45 ,217267.15 ,335.96 ,1527.25 ,1314.13 ,190939.68 ,-40.67 ,-2047.44 ,-2014.73 
000615.sz,2022年中报,846.68 ,159.68 ,2151.43 ,3920.18 ,139.45 ,748.94 ,600.48 ,786.88 ,-40.56 ,-93.09 ,-75.52 
000668.sz,2023年中报,1454.99 ,1101.79 ,860.13 ,2133.31 ,2.86 ,21.66 ,14.49 ,859.79 ,-38.43 ,-30.27 ,-29.50 
600890.sh,2022年年报,98.61 ,0.69 ,33.87 ,207.97 ,16.57 ,16.71 ,13.40 ,32.94 ,-33.99 ,-45.43 ,-38.65 
600641.sh,2023年中报,5570.27 ,1191.66 ,1886.64 ,10343.76 ,97.66 ,389.26 ,199.39 ,1123.02 ,-33.51 ,92.26 ,162.55 
000502.sz,2022年中报,199.62 ,33.94 ,92.27 ,345.36 ,46.44 ,60.96 ,55.88 ,87.26 ,-30.88 ,-7.80 ,-7.01 
600890.sh,2022年中报,133.06 ,0.69 ,31.88 ,243.10 ,30.39 ,7.88 ,5.50 ,30.52 ,-26.47 ,-16.83 ,-16.90 
002377.sz,2023年中报,777.24 ,111.25 ,586.55 ,1214.58 ,442.53 ,500.01 ,499.63 ,572.99 ,-23.25 ,-57.20 ,-58.76 
000691.sz,2023年中报,276.72 ,115.42 ,434.94 ,739.51 ,84.71 ,211.38 ,173.76 ,415.02 ,-22.39 ,-0.91 ,-0.84 
600533.sh,2022年中报,21465.51 ,17575.00 ,19908.41 ,24515.58 ,16.31 ,2371.03 ,1689.01 ,12475.12 ,-16.36 ,212.44 ,283.03 
000809.sz,2022年中报,4132.97 ,4106.97 ,1483.96 ,4339.77 ,18.81 ,9.71 ,11.59 ,784.97 ,-15.85 ,-58.77 ,-58.77 
000838.sz,2022年中报,12288.82 ,8590.49 ,11310.35 ,12994.30 ,51.20 ,2137.30 ,1522.00 ,10479.42 ,-13.25 ,-182.10 ,-135.65 
000809.sz,2023年中报,4072.82 ,4042.82 ,1430.97 ,4252.91 ,19.60 ,10.65 ,12.73 ,1097.26 ,-10.64 ,-56.51 ,-56.51 
600463.sh,2023年中报,1663.19 ,334.00 ,1411.16 ,2536.93 ,290.49 ,240.26 ,222.24 ,1311.65 ,-10.57 ,-61.63 ,-60.38 
000620.sz,2022年中报,22148.99 ,17524.21 ,38330.23 ,41671.96 ,252.09 ,2120.72 ,1777.93 ,29849.04 ,-10.48 ,-983.80 ,-875.99 
000616.sz,2022年中报,59.94 ,37.24 ,523.03 ,5726.39 ,2.42 ,28.42 ,17.50 ,142.95 ,-9.73 ,63.10 ,63.10 
000679.sz,2022年中报,283.30 ,32.61 ,666.83 ,1018.12 ,0.21 ,81.85 ,63.10 ,662.44 ,-9.26 ,-29.06 ,-29.09 
600647.sh,2023年中报,313.56 ,33.38 ,13.41 ,342.99 ,0.04 ,0.74 ,0.36 ,13.41 ,-7.56 ,-3.78 ,-3.78 
000506.sz,2023年中报,885.03 ,77.01 ,1093.72 ,1694.95 ,-,154.16 ,168.08 ,994.39 ,-6.23 ,-78.19 ,-79.40 
000616.sz,2022年年报,29.97 ,11.41 ,917.35 ,5399.23 ,7.55 ,64.21 ,54.67 ,159.50 ,-5.14 ,-352.67 ,-352.67 
000631.sz,2023年中报,7685.92 ,2452.92 ,2878.92 ,8544.20 ,51.16 ,135.55 ,84.58 ,2878.83 ,-3.07 ,58.10 ,60.77 
000616.sz,2023年中报,19.35 ,11.50 ,924.04 ,5553.17 ,1.76 ,15.68 ,9.91 ,368.58 ,-2.74 ,25.18 ,24.88 
000691.sz,2022年中报,285.36 ,172.50 ,458.86 ,751.87 ,71.29 ,213.29 ,180.74 ,452.34 ,-2.25 ,-1.47 ,-2.46 
600568.sh,2023年中报,1836.46 ,634.20 ,537.29 ,3224.39 ,97.61 ,253.47 ,172.10 ,469.88 ,-1.70 ,-240.72 ,-267.87 
600064.sh,2022年中报,17618.48 ,11212.54 ,18574.61 ,35181.64 ,269.70 ,1485.56 ,1084.46 ,16711.17 ,-1.69 ,1440.25 ,1550.66 
600568.sh,2022年中报,1902.50 ,653.15 ,698.56 ,4409.70 ,101.64 ,252.50 ,178.20 ,379.08 ,10.32 ,-16.89 ,-8.40 
000679.sz,2023年中报,264.68 ,34.83 ,661.45 ,977.15 ,0.02 ,82.44 ,63.22 ,655.64 ,10.74 ,-4.87 ,-2.13 
600503.sh,2022年中报,2162.06 ,1800.63 ,1268.94 ,5048.45 ,3.75 ,135.10 ,98.06 ,1244.56 ,12.73 ,92.68 ,97.79 
600692.sh,2022年中报,1813.03 ,1109.80 ,1451.00 ,2432.74 ,215.50 ,397.28 ,362.86 ,1093.97 ,15.80 ,1.55 ,8.15 
002133.sz,2022年中报,17587.32 ,14144.09 ,14380.66 ,18928.79 ,48.33 ,4212.00 ,3963.65 ,11339.21 ,17.70 ,138.57 ,174.28 
000918.sz,2023年中报,5408.30 ,4069.80 ,10371.71 ,9861.16 ,17.33 ,413.82 ,457.16 ,8933.24 ,19.96 ,-365.36 ,-371.81 
600568.sh,2022年年报,1839.33 ,631.21 ,775.97 ,3712.67 ,91.55 ,505.97 ,378.51 ,463.27 ,25.52 ,-767.96 ,-778.43 
000691.sz,2022年年报,246.05 ,100.23 ,389.22 ,704.32 ,67.05 ,548.20 ,459.11 ,383.20 ,26.47 ,16.61 ,18.09 
002016.sz,2023年中报,5236.41 ,3005.58 ,1909.11 ,6659.44 ,384.97 ,597.82 ,329.56 ,1894.33 ,32.38 ,122.43 ,157.84 
600246.sh,2023年中报,3564.02 ,999.17 ,2935.79 ,9227.31 ,66.79 ,255.31 ,189.86 ,1053.16 ,32.58 ,-98.93 ,-103.89 
002147.sz,2022年中报,3819.05 ,2719.47 ,8238.41 ,8299.26 ,113.19 ,428.12 ,327.03 ,5804.38 ,38.15 ,-121.29 ,-153.13 
600515.sh,2023年中报,23439.48 ,12408.20 ,30943.30 ,55318.21 ,1267.78 ,3370.29 ,1871.16 ,9798.34 ,44.72 ,629.23 ,806.37 
000558.sz,2022年中报,220.43 ,34.78 ,790.61 ,1885.71 ,14.73 ,41.57 ,32.84 ,328.34 ,44.92 ,-19.49 ,-22.69 
600622.sh,2022年中报,12403.81 ,4906.37 ,24931.15 ,34202.95 ,531.35 ,3209.31 ,2277.06 ,9819.73 ,45.18 ,158.54 ,299.72 
000558.sz,2023年中报,239.74 ,34.56 ,700.84 ,1774.33 ,5.11 ,105.50 ,62.54 ,294.82 ,46.00 ,-3.54 ,0.35 
600082.sh,2022年中报,2573.63 ,2187.34 ,994.31 ,2717.60 ,115.68 ,228.17 ,220.81 ,930.44 ,47.05 ,-24.12 ,-24.07 
000608.sz,2022年中报,137.90 ,5.69 ,1887.93 ,5485.00 ,10.04 ,138.56 ,63.47 ,844.01 ,50.83 ,-20.72 ,-10.78 
600724.sh,2023年中报,2184.68 ,316.24 ,1060.96 ,4368.91 ,474.14 ,1727.38 ,1469.19 ,922.31 ,52.75 ,123.85 ,159.29 
600082.sh,2023年中报,2360.45 ,2116.22 ,970.00 ,2709.95 ,89.03 ,238.18 ,219.90 ,791.06 ,54.10 ,-17.70 ,-17.20 
600622.sh,2022年年报,8707.94 ,3909.61 ,21193.51 ,30301.47 ,559.08 ,5569.84 ,3699.12 ,7645.01 ,57.78 ,90.79 ,313.89 
603506.sh,2023年中报,1823.13 ,14.45 ,1407.20 ,2493.62 ,641.19 ,930.77 ,740.37 ,1339.06 ,61.75 ,99.03 ,128.53 
002377.sz,2022年年报,1246.33 ,163.02 ,1151.64 ,1769.42 ,630.35 ,2200.75 ,2205.85 ,1034.54 ,62.51 ,-469.86 ,-451.01 
000615.sz,2022年年报,844.79 ,183.65 ,3508.73 ,3738.74 ,74.42 ,1356.12 ,1026.06 ,705.07 ,64.72 ,-144.83 ,-146.41 
600159.sh,2022年年报,3800.80 ,2342.26 ,1830.31 ,4162.37 ,290.66 ,867.75 ,732.57 ,1830.31 ,68.41 ,-192.73 ,-177.53 
300917.sz,2023年中报,1477.77 ,5.31 ,587.79 ,1585.74 ,454.84 ,1130.50 ,986.46 ,570.56 ,72.52 ,65.00 ,85.25 
000863.sz,2022年中报,5503.22 ,3976.97 ,3075.48 ,7065.54 ,65.83 ,222.05 ,162.60 ,2628.17 ,73.13 ,-122.15 ,-103.61 
603506.sh,2022年中报,1814.51 ,13.63 ,1370.72 ,2367.12 ,606.62 ,896.82 ,689.98 ,1228.37 ,73.27 ,95.51 ,132.81 
000667.sz,2023年中报,9420.86 ,6544.92 ,13010.14 ,14705.65 ,284.33 ,3135.09 ,2516.77 ,11496.69 ,80.21 ,128.23 ,162.01 
002147.sz,2022年年报,2642.94 ,1599.53 ,7179.37 ,5132.45 ,194.51 ,1037.72 ,788.42 ,5469.46 ,80.33 ,-1462.87 ,-1401.01 
300917.sz,2022年中报,1319.29 ,4.59 ,516.50 ,1423.95 ,375.97 ,934.70 ,806.09 ,500.26 ,84.04 ,61.88 ,81.11 
002968.sz,2022年年报,1236.24 ,3.38 ,539.00 ,1669.85 ,481.08 ,2598.11 ,2177.84 ,505.64 ,89.68 ,186.80 ,221.78 
000069.sz,2023年中报,298628.01 ,194088.63 ,300736.13 ,396162.65 ,1020.31 ,19438.47 ,15642.93 ,177945.29 ,90.86 ,-1341.25 ,-695.58 
600393.sh,2023年中报,8433.95 ,5916.48 ,9090.16 ,9399.44 ,128.98 ,226.16 ,185.51 ,5768.82 ,100.66 ,-2466.06 ,-2336.76 
000558.sz,2022年年报,282.58 ,72.35 ,755.82 ,1833.10 ,32.86 ,119.22 ,84.75 ,330.64 ,100.72 ,-37.05 ,-43.54 
600215.sh,2022年中报,1485.78 ,960.90 ,1812.25 ,3278.30 ,145.33 ,482.23 ,392.74 ,1176.47 ,102.67 ,35.49 ,36.79 
600393.sh,2022年年报,9721.99 ,6995.61 ,8051.27 ,10840.93 ,123.27 ,1452.50 ,1193.95 ,5033.54 ,103.70 ,-858.28 ,-759.60 
000011.sz,2022年年报,13719.79 ,10975.33 ,11331.48 ,15800.29 ,419.93 ,3708.67 ,1978.78 ,7505.71 ,105.23 ,531.82 ,746.09 
600724.sh,2022年中报,1826.29 ,239.16 ,682.44 ,3983.81 ,330.33 ,1513.43 ,1268.69 ,569.85 ,107.55 ,151.49 ,194.60 
600215.sh,2022年年报,1725.63 ,940.69 ,1962.22 ,3585.78 ,271.97 ,1118.62 ,955.27 ,1654.09 ,108.69 ,142.62 ,165.33 
600622.sh,2023年中报,8095.94 ,3712.47 ,20376.40 ,28921.01 ,525.09 ,1180.14 ,667.83 ,7652.01 ,109.22 ,-425.56 ,-501.64 
000615.sz,2023年中报,711.65 ,177.68 ,3497.28 ,3672.19 ,71.78 ,701.89 ,503.30 ,838.94 ,112.67 ,-38.53 ,-24.93 
000056.sz,2023年中报,1070.43 ,118.67 ,7747.82 ,9442.32 ,288.78 ,795.37 ,705.82 ,5936.99 ,112.82 ,-423.69 ,-465.27 
002377.sz,2022年中报,1404.69 ,201.63 ,1400.96 ,2359.54 ,799.82 ,972.48 ,978.94 ,1131.90 ,114.97 ,-172.62 ,-174.08 
600094.sh,2022年中报,32586.69 ,25747.08 ,26167.80 ,38877.56 ,215.66 ,2053.20 ,1619.79 ,19975.19 ,116.11 ,41.89 ,58.29 
000863.sz,2022年年报,5407.49 ,4129.32 ,2800.56 ,6919.39 ,52.03 ,1348.53 ,708.65 ,2209.04 ,119.72 ,9.57 ,99.66 
000809.sz,2022年年报,4119.22 ,4044.15 ,1426.57 ,4305.02 ,20.99 ,221.83 ,141.66 ,750.73 ,121.37 ,-36.11 ,-35.90 
300917.sz,2022年年报,1426.96 ,4.75 ,570.31 ,1537.67 ,455.21 ,2005.59 ,1731.09 ,550.91 ,131.35 ,122.74 ,161.92 
600393.sh,2022年中报,10969.71 ,7903.79 ,9698.88 ,13251.72 ,131.85 ,1085.56 ,988.39 ,8554.94 ,133.60 ,-193.66 ,-203.82 
600340.sh,2022年年报,364036.83 ,122871.89 ,384266.27 ,408602.67 ,52564.73 ,31941.74 ,26776.21 ,237082.38 ,137.20 ,4056.60 ,6719.50 
000608.sz,2023年中报,177.48 ,5.59 ,1700.31 ,4851.12 ,15.00 ,153.72 ,70.46 ,833.26 ,148.86 ,-11.21 ,-0.28 
600340.sh,2023年中报,336728.92 ,100610.13 ,359936.88 ,383345.52 ,49477.81 ,10616.16 ,9252.18 ,183317.87 ,155.03 ,-359.89 ,-2445.03 
603506.sh,2022年年报,1719.73 ,13.96 ,1242.38 ,2293.86 ,533.64 ,1846.73 ,1486.38 ,1169.01 ,156.09 ,156.23 ,197.27 
000608.sz,2022年年报,87.78 ,5.69 ,1658.73 ,4843.55 ,14.70 ,381.19 ,117.81 ,750.44 ,159.46 ,-373.42 ,-451.32 
600225.sh,2022年年报,3285.13 ,1456.82 ,3544.67 ,6431.79 ,879.58 ,905.54 ,560.55 ,3009.53 ,164.44 ,1064.19 ,1076.59 
600225.sh,2023年中报,4129.05 ,1502.97 ,4694.67 ,7225.52 ,738.63 ,252.89 ,124.52 ,3871.54 ,185.04 ,6.78 ,-1.68 
000918.sz,2022年中报,7372.72 ,5550.41 ,11987.17 ,12533.39 ,21.82 ,408.53 ,421.98 ,9716.04 ,187.80 ,-353.21 ,-361.49 
002285.sz,2022年中报,5586.91 ,59.21 ,4436.70 ,8243.92 ,1435.62 ,2051.40 ,1790.29 ,3747.13 ,192.87 ,34.67 ,20.25 
000056.sz,2022年中报,1334.14 ,35.84 ,7847.90 ,10984.40 ,272.61 ,340.57 ,97.28 ,5548.15 ,197.33 ,-245.82 ,-244.60 
000732.sz,2022年中报,172298.11 ,157584.03 ,205651.76 ,218268.06 ,813.72 ,3202.40 ,3450.07 ,164008.53 ,206.71 ,-2033.85 ,-2200.65 
600383.sh,2023年中报,322758.84 ,165456.58 ,307213.96 ,425972.00 ,1516.59 ,36774.76 ,30745.15 ,230226.82 ,213.77 ,2324.17 ,3321.23 
002285.sz,2023年中报,4336.93 ,17.34 ,2895.23 ,6351.46 ,1185.65 ,1929.85 ,1728.40 ,2728.27 ,224.68 ,37.82 ,41.92 
600077.sh,2023年中报,29594.27 ,23951.84 ,32029.26 ,33918.86 ,82.54 ,2636.25 ,2279.71 ,29316.06 ,226.03 ,19.77 ,55.89 
600708.sh,2022年中报,66080.86 ,45871.00 ,57038.23 ,70261.26 ,1534.26 ,7344.01 ,6320.00 ,29936.53 ,239.20 ,126.32 ,267.15 
600724.sh,2022年年报,2118.20 ,216.58 ,897.55 ,4336.42 ,357.15 ,3256.32 ,2752.67 ,767.57 ,239.95 ,288.84 ,368.25 
600223.sh,2023年中报,9288.99 ,4428.87 ,6534.21 ,11145.75 ,553.95 ,2473.28 ,1380.89 ,5300.01 ,240.30 ,242.38 ,273.05 
000006.sz,2022年中报,20454.61 ,16244.33 ,16205.49 ,24466.91 ,18.30 ,1354.28 ,802.75 ,8599.84 ,242.45 ,240.38 ,315.17 
600466.sh,2022年中报,152066.51 ,119445.49 ,162558.29 ,164269.87 ,1933.69 ,8627.27 ,8569.73 ,154535.30 ,263.97 ,-5071.11 ,-5317.91 
600823.sh,2023年中报,67488.38 ,54889.20 ,88410.68 ,128684.87 ,584.23 ,2234.89 ,1451.93 ,68877.46 ,270.76 ,-106.16 ,-171.06 
000620.sz,2023年中报,22812.95 ,16382.76 ,39148.93 ,38893.36 ,255.64 ,1723.71 ,1608.53 ,35920.24 ,285.95 ,-1084.90 ,-884.10 
600606.sh,2023年中报,998796.10 ,603125.22 ,1032871.58 ,1199600.66 ,80811.46 ,174196.66 ,155909.77 ,898763.97 ,311.61 ,4598.79 ,6803.34 
600082.sh,2022年年报,2452.58 ,2124.70 ,1038.41 ,2796.04 ,135.87 ,493.39 ,389.63 ,930.10 ,316.34 ,12.43 ,18.66 
600246.sh,2022年中报,4366.83 ,1234.47 ,3321.19 ,9897.54 ,66.66 ,136.80 ,91.38 ,1414.10 ,320.07 ,-166.90 ,-183.73 
000897.sz,2022年中报,6789.43 ,5305.54 ,5659.32 ,7679.83 ,76.40 ,239.91 ,133.64 ,5565.04 ,327.58 ,51.05 ,63.76 
000718.sz,2022年中报,12377.16 ,9864.00 ,6621.47 ,16033.27 ,117.42 ,1132.13 ,407.24 ,5364.08 ,327.89 ,327.86 ,459.28 
601512.sh,2023年中报,18790.42 ,11241.68 ,15918.69 ,34336.21 ,2614.19 ,1910.39 ,906.66 ,8377.05 ,339.83 ,906.86 ,1127.91 
600162.sh,2022年年报,18167.92 ,12670.18 ,17611.33 ,24372.28 ,27.14 ,6054.75 ,4123.01 ,13447.50 ,341.15 ,103.54 ,402.01 
600185.sh,2022年中报,26268.86 ,23170.32 ,23986.64 ,32936.97 ,389.52 ,2154.79 ,1506.44 ,12661.28 ,345.05 ,94.81 ,131.80 
000965.sz,2022年中报,10145.43 ,9412.20 ,7269.20 ,12754.03 ,5.71 ,856.51 ,430.69 ,5824.92 ,347.41 ,50.02 ,65.36 
000014.sz,2022年年报,2673.24 ,1907.09 ,1771.31 ,2990.66 ,1.22 ,763.60 ,452.64 ,1750.22 ,352.48 ,248.09 ,119.08 
000056.sz,2022年年报,1070.16 ,108.06 ,8033.25 ,10132.55 ,293.16 ,663.17 ,211.61 ,6185.36 ,385.29 ,-1197.76 ,-1530.66 
000014.sz,2023年中报,2380.53 ,1563.26 ,1071.05 ,2698.62 ,2.81 ,1062.45 ,365.50 ,1049.05 ,390.80 ,441.24 ,585.14 
000631.sz,2022年中报,8488.89 ,2584.34 ,3152.46 ,9455.21 ,76.25 ,123.96 ,62.02 ,2972.81 ,391.81 ,89.83 ,114.10 
000926.sz,2023年中报,28604.80 ,20795.05 ,24570.88 ,36939.71 ,340.19 ,3405.76 ,2527.83 ,17984.91 ,395.48 ,48.02 ,154.06 
000718.sz,2023年中报,11535.35 ,9224.90 ,5823.20 ,15539.42 ,93.79 ,1032.91 ,382.94 ,4732.91 ,407.84 ,305.64 ,386.94 
600246.sh,2022年年报,3767.90 ,1128.75 ,3130.45 ,9519.06 ,61.54 ,422.15 ,257.28 ,1370.90 ,419.72 ,-342.79 ,-401.57 
600322.sh,2022年年报,14686.63 ,13729.98 ,15809.49 ,16556.18 ,0.25 ,3360.23 ,3107.33 ,13389.33 ,428.30 ,-206.65 ,-189.25 
601512.sh,2022年中报,16786.25 ,10682.29 ,13984.82 ,30956.77 ,2097.11 ,2422.94 ,972.78 ,8570.23 ,437.97 ,1098.80 ,1430.51 
002305.sz,2023年中报,20062.07 ,14248.63 ,25857.33 ,29367.41 ,359.57 ,443.83 ,693.78 ,21062.51 ,449.18 ,-723.58 ,-744.57 
000631.sz,2022年年报,8281.05 ,2643.34 ,2984.02 ,9190.92 ,42.32 ,307.20 ,144.17 ,2897.01 ,452.23 ,170.83 ,223.15 
600208.sh,2022年中报,73979.06 ,49250.42 ,86763.75 ,128403.79 ,45.86 ,5063.85 ,3269.34 ,58590.32 ,475.24 ,1088.73 ,1411.76 
002244.sz,2022年中报,228946.80 ,168335.83 ,210345.41 ,252343.45 ,364.12 ,10689.84 ,8447.11 ,171675.45 ,480.87 ,1617.37 ,1978.03 
000909.sz,2023年中报,1677.03 ,526.24 ,2216.38 ,3755.11 ,251.06 ,570.89 ,346.52 ,2056.04 ,483.53 ,45.33 ,75.54 
600773.sh,2022年中报,10963.61 ,9514.89 ,10812.61 ,14488.68 ,17.25 ,1141.75 ,774.16 ,6362.86 ,504.60 ,26.95 ,70.25 
000918.sz,2022年年报,5960.47 ,4212.23 ,10509.81 ,10442.35 ,34.53 ,1451.06 ,1552.27 ,8845.06 ,562.20 ,-778.06 ,-816.59 
000961.sz,2023年中报,233330.60 ,139761.50 ,264078.32 ,288537.09 ,5692.18 ,22809.62 ,20246.01 ,237227.95 ,571.40 ,-435.66 ,19.61 
600067.sh,2022年中报,19000.04 ,11868.47 ,15969.04 ,24304.93 ,3770.35 ,7052.87 ,6038.87 ,14001.41 ,587.72 ,134.71 ,310.99 
000797.sz,2023年中报,24650.32 ,16603.44 ,21036.37 ,26268.14 ,1595.58 ,1494.52 ,1462.55 ,16433.24 ,590.40 ,-125.09 ,-131.08 
600823.sh,2022年年报,68367.14 ,55122.38 ,89637.55 ,130445.89 ,700.22 ,5746.59 ,4350.30 ,70115.82 ,604.11 ,-6769.48 ,-7792.33 
600162.sh,2023年中报,16056.85 ,12115.67 ,15669.90 ,22112.79 ,32.01 ,1759.60 ,1067.31 ,12213.22 ,611.97 ,76.72 ,201.41 
002285.sz,2022年年报,4672.30 ,14.32 ,3307.96 ,6746.45 ,1192.90 ,3979.43 ,3599.51 ,3091.57 ,629.76 ,-318.35 ,-277.08 
600848.sh,2022年年报,38149.12 ,31420.61 ,38896.52 ,66313.78 ,167.17 ,5999.41 ,2715.30 ,24288.14 ,630.03 ,1414.06 ,1806.91 
000797.sz,2022年年报,21195.96 ,14628.04 ,17207.22 ,22906.44 ,1802.17 ,7315.20 ,5537.64 ,13491.71 ,641.36 ,152.16 ,392.61 
000620.sz,2022年年报,20948.69 ,16578.71 ,38470.78 ,39315.31 ,419.65 ,5253.08 ,4165.31 ,32650.17 ,665.68 ,-3067.27 ,-2886.90 
600743.sh,2023年中报,32848.06 ,24393.95 ,35873.96 ,41047.42 ,43.26 ,4599.80 ,4405.05 ,31096.20 ,678.71 ,-632.01 ,-607.59 
600675.sh,2022年中报,32836.76 ,15178.89 ,38737.03 ,55120.51 ,259.33 ,1300.95 ,1006.91 ,18180.40 ,765.87 ,-312.75 ,-262.21 
000718.sz,2022年年报,11725.12 ,9390.08 ,5613.10 ,15392.54 ,74.29 ,2239.15 ,839.76 ,4842.82 ,793.68 ,401.03 ,428.36 
000797.sz,2022年中报,21616.48 ,14398.83 ,17781.22 ,23379.91 ,1075.52 ,1668.02 ,1476.39 ,13946.18 ,797.91 ,11.18 ,31.32 
002133.sz,2023年中报,15457.30 ,11086.73 ,13419.08 ,18135.49 ,124.60 ,4646.08 ,4167.66 ,10503.79 ,832.54 ,260.18 ,356.01 
000965.sz,2022年年报,10252.77 ,9102.74 ,7360.00 ,12818.22 ,7.35 ,2464.90 ,1697.21 ,6117.04 ,844.98 ,23.42 ,50.63 
600657.sh,2023年中报,68239.03 ,39534.42 ,62782.18 ,87763.89 ,1734.26 ,2936.68 ,1999.58 ,35728.30 ,855.88 ,183.54 ,219.70 
600094.sh,2022年年报,27675.60 ,23414.41 ,21918.18 ,34628.65 ,243.06 ,7361.40 ,6056.64 ,18905.17 ,864.13 ,204.65 ,323.01 
600223.sh,2022年中报,58907.52 ,48344.68 ,55335.96 ,61730.98 ,354.85 ,4835.19 ,3340.77 ,52363.77 ,888.42 ,216.62 ,300.09 
600239.sh,2023年中报,4691.18 ,556.24 ,10345.51 ,12900.82 ,205.22 ,803.42 ,452.44 ,4752.60 ,890.31 ,161.73 ,174.18 
000897.sz,2022年年报,7161.89 ,5333.04 ,6010.16 ,8242.04 ,58.93 ,1420.14 ,684.56 ,6004.31 ,892.83 ,265.14 ,364.52 
600007.sh,2022年中报,3170.33 ,30.76 ,3662.49 ,12265.84 ,348.63 ,1659.61 ,721.01 ,1984.02 ,907.25 ,571.73 ,655.14 
600322.sh,2023年中报,12517.10 ,11588.49 ,13636.37 ,14248.25 ,0.85 ,3174.98 ,2747.82 ,8062.16 ,912.20 ,-127.63 ,-83.56 
000042.sz,2022年年报,30971.49 ,26085.16 ,28471.03 ,36687.10 ,172.90 ,7083.04 ,4547.23 ,17966.82 ,978.79 ,19.12 ,448.31 
600007.sh,2023年中报,4064.68 ,30.77 ,3639.31 ,12737.21 ,299.68 ,1938.36 ,770.02 ,1523.82 ,992.64 ,655.94 ,862.60 
600223.sh,2022年年报,55628.75 ,46047.01 ,52906.92 ,58473.81 ,351.27 ,12951.44 ,9759.17 ,50606.14 ,998.10 ,120.45 ,310.85 
600565.sh,2023年中报,55337.56 ,38070.84 ,53743.07 ,66483.80 ,1127.45 ,9575.62 ,7974.01 ,47497.99 ,1019.55 ,581.24 ,761.97 
000926.sz,2022年中报,34922.03 ,24202.36 ,31604.18 ,44009.20 ,375.73 ,8136.45 ,6965.41 ,23491.77 ,1022.09 ,45.56 ,123.33 
600773.sh,2022年年报,10394.82 ,9337.26 ,10251.46 ,13944.53 ,14.50 ,2456.48 ,1683.67 ,6745.70 ,1023.59 ,49.38 ,153.15 
000537.sz,2023年中报,9986.58 ,2.44 ,20819.82 ,38948.39 ,5510.05 ,1917.62 ,819.12 ,2554.54 ,1064.70 ,616.90 ,701.38 
601512.sh,2022年年报,17667.83 ,11009.00 ,14424.12 ,32454.64 ,2470.12 ,4741.89 ,2012.69 ,8045.74 ,1163.71 ,2186.49 ,2847.89 
000042.sz,2023年中报,29522.84 ,25480.52 ,27538.00 ,35186.29 ,203.13 ,3645.81 ,2513.94 ,17477.24 ,1185.67 ,-54.69 ,90.04 
600094.sh,2023年中报,25555.64 ,20107.37 ,19598.28 ,32598.17 ,205.06 ,5224.20 ,4256.45 ,17378.31 ,1243.30 ,313.45 ,532.24 
000671.sz,2023年中报,245871.47 ,174019.69 ,269213.18 ,286613.04 ,1459.20 ,10580.41 ,9186.49 ,252125.32 ,1275.62 ,-1879.08 ,-1373.02 
600340.sh,2022年中报,377531.98 ,134315.48 ,404322.12 ,423906.97 ,53887.94 ,14364.25 ,12736.49 ,279357.73 ,1326.64 ,558.77 ,1320.31 
000514.sz,2022年年报,5418.84 ,4214.46 ,3212.63 ,7370.09 ,30.79 ,895.56 ,583.45 ,2414.80 ,1331.83 ,159.50 ,192.71 
600565.sh,2022年中报,73045.07 ,51679.61 ,66962.84 ,85528.79 ,1053.56 ,10218.55 ,7569.10 ,57171.44 ,1336.71 ,935.00 ,1400.61 
600657.sh,2022年中报,57729.68 ,35751.13 ,59324.58 ,84352.34 ,1335.79 ,7828.42 ,6261.18 ,34845.69 ,1344.18 ,328.79 ,657.00 
600067.sh,2022年年报,18045.74 ,11852.87 ,15034.69 ,23381.18 ,3346.61 ,11139.80 ,9353.25 ,13547.58 ,1379.98 ,153.73 ,316.49 
600665.sh,2022年年报,38525.25 ,28891.60 ,35180.05 ,40308.11 ,65.91 ,10552.35 ,7936.55 ,26649.69 ,1395.28 ,703.84 ,1065.38 
600743.sh,2022年中报,50495.65 ,39415.56 ,43216.46 ,53883.23 ,41.70 ,3934.64 ,3745.61 ,31889.59 ,1414.98 ,-369.86 ,-305.29 
601588.sh,2023年中报,51808.70 ,35621.93 ,48632.01 ,64548.93 ,229.26 ,7268.89 ,5742.23 ,25429.57 ,1547.70 ,-28.35 ,88.67 
600077.sh,2022年年报,33306.24 ,25268.52 ,35635.31 ,37613.21 ,93.59 ,7992.46 ,6880.22 ,29948.50 ,1605.99 ,-3281.70 ,-3083.76 
600185.sh,2022年年报,24115.60 ,21168.25 ,23925.11 ,30258.73 ,336.84 ,4046.63 ,3067.03 ,16638.17 ,1659.92 ,-2648.52 ,-2481.99 
600665.sh,2022年中报,42902.20 ,31181.29 ,40150.87 ,44687.44 ,70.43 ,3100.47 ,2529.58 ,32822.16 ,1718.35 ,111.31 ,159.70 
600604.sh,2022年年报,11355.31 ,8769.38 ,13552.94 ,22061.78 ,207.60 ,1262.96 ,668.24 ,7887.41 ,1789.04 ,100.28 ,154.37 
600077.sh,2022年中报,36837.28 ,26598.69 ,35566.07 ,41217.45 ,112.37 ,5383.01 ,4711.23 ,31478.85 ,1790.35 ,199.71 ,303.62 
600743.sh,2022年年报,41198.31 ,32087.81 ,38182.71 ,44466.40 ,41.10 ,10924.34 ,10115.44 ,27234.57 ,1806.24 ,-5013.18 ,-4712.34 
002208.sz,2023年中报,36317.06 ,24315.90 ,28370.56 ,38013.31 ,181.58 ,2977.63 ,2502.99 ,20471.09 ,1816.81 ,210.82 ,266.47 
600007.sh,2022年年报,3937.02 ,32.13 ,3678.31 ,12827.29 ,377.36 ,3442.28 ,1496.31 ,1562.41 ,1824.33 ,1119.08 ,1382.02 
600657.sh,2022年年报,67270.57 ,39554.26 ,63309.25 ,88406.10 ,2001.28 ,18248.10 ,13648.74 ,37081.09 ,1840.13 ,578.46 ,1315.86 
000002.sz,2023年中报,1325043.81 ,837027.42 ,1281551.93 ,1684196.41 ,9101.01 ,200892.59 ,162991.17 ,981909.08 ,1864.50 ,15348.19 ,20335.19 
000517.sz,2023年中报,58025.94 ,47580.23 ,51023.17 ,61396.81 ,244.10 ,10532.49 ,9549.08 ,46034.92 ,1884.55 ,856.29 ,991.38 
601588.sh,2022年中报,60615.36 ,42832.72 ,57394.81 ,74536.88 ,133.17 ,6840.51 ,5684.22 ,35156.26 ,1886.13 ,-461.73 ,-445.67 
600565.sh,2022年年报,59450.71 ,41813.19 ,57929.93 ,70370.79 ,1198.18 ,22789.19 ,17619.76 ,51760.34 ,1929.83 ,-2180.93 ,-1267.88 
000560.sz,2023年中报,12609.86 ,465.98 ,22764.75 ,33125.30 ,814.36 ,6264.45 ,5583.81 ,15275.68 ,2069.86 ,-33.83 ,-33.04 
600748.sh,2022年年报,34982.83 ,14440.72 ,34334.95 ,45345.20 ,127.40 ,5247.94 ,4122.38 ,25101.41 ,2103.10 ,68.75 ,273.80 
000926.sz,2022年年报,29703.70 ,21456.18 ,25911.50 ,38275.03 ,315.86 ,15142.32 ,12017.13 ,19556.07 ,2211.03 ,168.08 ,640.63 
002146.sz,2022年年报,226792.05 ,168209.26 ,224518.65 ,249566.12 ,5153.78 ,31793.50 ,31046.34 ,204379.69 ,2244.84 ,-18169.98 ,-17598.68 
000036.sz,2022年年报,7045.71 ,2116.17 ,2976.31 ,9235.91 ,43.73 ,2343.95 ,1128.57 ,2349.17 ,2255.06 ,599.82 ,786.31 
000560.sz,2022年中报,12710.52 ,508.04 ,22725.81 ,33042.43 ,1172.13 ,6082.38 ,5586.32 ,15911.87 ,2310.53 ,-404.48 ,-406.14 
000006.sz,2022年年报,22270.68 ,16843.67 ,17929.60 ,26399.06 ,29.98 ,3699.81 ,2270.50 ,10997.56 ,2315.47 ,449.16 ,732.05 
600376.sh,2022年中报,260489.56 ,174425.96 ,243932.05 ,311316.85 ,292.26 ,7103.56 ,5775.19 ,122183.06 ,2489.10 ,-1291.43 ,-1308.64 
600823.sh,2022年中报,76211.93 ,60930.95 ,89822.20 ,138300.70 ,1197.50 ,3579.39 ,2657.52 ,66685.00 ,2527.46 ,-457.80 ,-598.83 
600177.sh,2023年中报,34535.57 ,18746.13 ,42445.99 ,81972.29 ,205.65 ,5872.13 ,2817.50 ,34467.21 ,2570.90 ,2167.99 ,2411.91 
600791.sh,2023年中报,20317.16 ,15546.40 ,15553.79 ,21091.31 ,126.87 ,1919.72 ,1798.02 ,7977.82 ,2702.94 ,-117.49 ,-103.18 
000031.sz,2022年年报,157707.47 ,95704.90 ,166927.95 ,214432.27 ,317.42 ,39578.69 ,30056.51 ,103617.75 ,2710.45 ,-2157.04 ,-579.10 
000002.sz,2022年年报,1415356.38 ,907056.93 ,1352132.94 ,1757124.44 ,7504.69 ,503838.37 ,405319.29 ,1077801.57 ,2750.45 ,38493.25 ,52006.94 
002314.sz,2023年中报,36281.69 ,21582.80 ,49415.83 ,67581.79 ,936.78 ,7901.86 ,6266.32 ,24018.45 ,2781.76 ,170.68 ,440.93 
000736.sz,2022年中报,138684.37 ,114138.18 ,130064.60 ,148282.74 ,146.40 ,12442.08 ,10893.89 ,88846.19 ,2812.78 ,332.20 ,397.33 
000736.sz,2022年年报,128547.95 ,106943.09 ,118265.97 ,137307.21 ,28.68 ,38467.05 ,33299.76 ,73132.89 ,2934.84 ,1096.31 ,2003.40 
000736.sz,2023年中报,132718.83 ,106692.23 ,122259.10 ,141111.56 ,93.29 ,8762.87 ,8048.81 ,75103.11 ,2994.97 ,-441.65 ,-330.63 
000090.sz,2023年中报,58974.81 ,28809.35 ,52589.84 ,67117.99 ,2767.17 ,12795.20 ,10613.15 ,41032.70 ,3102.71 ,937.89 ,1291.42 
600638.sh,2022年年报,18240.63 ,6662.40 ,19937.72 ,24524.15 ,19.79 ,4317.28 ,3911.99 ,14917.11 ,3229.07 ,71.24 ,89.46 
600208.sh,2022年年报,70319.55 ,46743.64 ,82527.44 ,124497.11 ,21.70 ,12899.01 ,9440.94 ,61321.53 ,3394.91 ,1795.54 ,2036.71 
600376.sh,2023年中报,224405.10 ,141050.02 ,210454.00 ,273235.55 ,866.73 ,19401.41 ,17183.39 ,101615.18 ,3490.30 ,-1526.89 ,-1394.36 
000540.sz,2022年中报,84643.72 ,772.10 ,150397.57 ,158224.36 ,429.60 ,2480.12 ,2388.37 ,72813.06 ,3743.78 ,-2699.11 ,-3585.65 
000540.sz,2022年年报,72233.55 ,38191.34 ,155464.30 ,146099.56 ,620.27 ,3812.60 ,4388.66 ,67408.30 ,3745.64 ,-16695.77 ,-15640.18 
600708.sh,2022年年报,62961.61 ,42685.69 ,55745.65 ,67497.66 ,1590.15 ,16541.06 ,13502.93 ,28759.62 ,3757.71 ,190.22 ,567.23 
002146.sz,2022年中报,255612.15 ,183829.82 ,240474.00 ,282164.28 ,6977.80 ,14501.97 ,13491.05 ,219105.08 ,3999.70 ,-2059.28 ,-2102.99 
601588.sh,2022年年报,54450.94 ,39603.15 ,51320.52 ,67280.22 ,223.71 ,12988.94 ,10319.76 ,31356.82 ,4003.55 ,-1645.70 ,-1454.41 
600185.sh,2023年中报,23988.58 ,20506.46 ,23736.18 ,29860.05 ,220.71 ,1855.41 ,1314.70 ,16666.34 ,4241.14 ,-195.75 ,-160.65 
000560.sz,2022年年报,12569.45 ,509.41 ,22242.33 ,32638.97 ,898.71 ,11673.41 ,10662.12 ,16301.91 ,4311.48 ,-288.33 ,-287.25 
600376.sh,2022年年报,229762.33 ,149788.04 ,211263.75 ,278295.60 ,767.83 ,47920.86 ,39957.81 ,105834.90 ,4418.64 ,958.42 ,1715.55 
000961.sz,2022年中报,277821.28 ,179136.44 ,301415.28 ,342319.33 ,4770.66 ,24134.57 ,21789.16 ,267642.83 ,4808.97 ,-1317.75 ,-1313.39 
600239.sh,2022年中报,12376.73 ,6199.61 ,29460.72 ,31680.93 ,262.94 ,1431.60 ,922.42 ,18548.62 ,4966.56 ,-348.31 ,-315.08 
002244.sz,2022年年报,250346.56 ,184409.22 ,223459.31 ,276176.04 ,440.77 ,41502.32 ,34249.26 ,183721.37 ,5213.65 ,3921.97 ,5320.43 
000656.sz,2022年年报,252253.48 ,184843.32 ,260649.48 ,299535.78 ,955.60 ,54861.88 ,51298.97 ,235230.95 ,5247.19 ,-22773.17 ,-23750.29 
000402.sz,2023年中报,100416.52 ,71876.04 ,108931.07 ,150487.07 ,843.12 ,5615.09 ,4831.03 ,38524.84 ,5552.82 ,-817.56 ,-899.89 
000402.sz,2022年年报,102595.67 ,74295.48 ,110623.03 ,153043.88 ,908.10 ,20505.78 ,17298.05 ,41958.87 ,5611.19 ,650.03 ,959.04 
000031.sz,2023年中报,149010.04 ,95081.11 ,158622.63 ,205969.28 ,384.19 ,14310.63 ,10518.17 ,91840.21 ,6118.33 ,555.25 ,1318.85 
600383.sh,2022年中报,365034.44 ,189511.18 ,353684.46 ,465355.71 ,1009.05 ,28031.85 ,21871.49 ,256489.38 ,6129.52 ,3408.67 ,4104.17 
000961.sz,2022年年报,245765.44 ,150807.99 ,275469.33 ,306722.30 ,5939.22 ,59036.31 ,59089.40 ,248784.04 ,6253.32 ,-9197.86 ,-8957.95 
000517.sz,2022年中报,75160.01 ,59393.31 ,67681.26 ,81993.46 ,161.15 ,6268.87 ,5050.63 ,56891.23 ,6302.35 ,692.08 ,860.10 
600048.sh,2023年中报,1261014.86 ,854633.00 ,1102340.10 ,1431839.04 ,4477.77 ,136978.21 ,107855.59 ,805745.19 ,7145.97 ,15122.39 ,19300.21 
600048.sh,2022年年报,1300400.62 ,877893.19 ,1148272.90 ,1470464.41 ,4043.63 ,281016.70 ,219228.01 ,842280.43 ,7422.38 ,27174.31 ,34693.23 
601155.sh,2023年中报,282028.03 ,189170.13 ,348343.38 ,437844.58 ,429.18 ,41768.38 ,33816.83 ,291004.88 ,7434.22 ,2472.69 ,3309.44 
000002.sz,2022年中报,1537716.26 ,1023026.87 ,1487493.68 ,1879202.24 ,6522.42 ,206916.29 ,164571.07 ,1243438.05 ,8288.02 ,18643.16 ,24237.68 
600266.sh,2022年年报,121064.48 ,95838.12 ,111286.93 ,138765.93 ,165.96 ,24561.88 ,21188.67 ,59397.68 ,8337.01 ,-852.30 ,-722.69 
000656.sz,2022年中报,288394.35 ,208267.67 ,267314.91 ,339222.61 ,2734.65 ,31322.18 ,29371.14 ,231783.50 ,8729.74 ,-1202.77 ,-1834.25 
600266.sh,2022年中报,126754.42 ,94529.43 ,116079.85 ,144097.61 ,87.39 ,8396.52 ,6391.71 ,62384.17 ,9379.02 ,-293.88 ,-116.22 
600266.sh,2023年中报,126564.94 ,92276.11 ,116944.96 ,144351.85 ,161.75 ,9746.53 ,7761.85 ,64526.30 ,9823.17 ,562.37 ,720.96 
000517.sz,2022年年报,69431.22 ,55556.47 ,62548.90 ,73336.81 ,203.45 ,14157.16 ,11328.51 ,54863.48 ,10477.00 ,839.52 ,1264.56 
601155.sh,2022年中报,364901.99 ,247424.69 ,418235.09 ,514882.68 ,482.28 ,42803.05 ,33431.11 ,349852.78 ,11502.76 ,3304.40 ,4413.53 
600606.sh,2022年中报,1182246.58 ,697637.75 ,1190406.89 ,1359774.55 ,124602.18 ,204550.36 ,178456.36 ,1057616.62 ,13070.73 ,6872.89 ,9425.96 
600325.sh,2022年中报,328528.98 ,228161.20 ,271226.16 ,372753.44 ,534.64 ,25004.89 ,19647.95 ,159808.62 ,13278.14 ,2295.45 ,3068.60 
601155.sh,2022年年报,303082.78 ,204364.67 ,368446.10 ,457907.02 ,505.14 ,115456.68 ,92326.02 ,314466.70 ,14534.77 ,1720.30 ,3032.70 
600239.sh,2022年年报,5461.52 ,561.78 ,10979.06 ,13527.57 ,186.73 ,2568.39 ,1648.04 ,5572.89 ,15823.15 ,-843.97 ,-727.75 
600383.sh,2022年年报,313983.91 ,151003.72 ,303126.45 ,419383.22 ,1538.63 ,120035.40 ,95239.44 ,221182.89 ,19907.25 ,9134.69 ,12960.63 
600606.sh,2022年年报,1164776.13 ,683274.27 ,1201051.18 ,1365321.06 ,108543.97 ,435519.65 ,389780.27 ,1076915.09 ,27421.14 ,6837.66 ,10141.37 
002244.sz,2023年中报,280565.89 ,192911.21 ,250246.61 ,310250.06 ,527.78 ,27028.54 ,22095.09 ,221107.87 ,27588.43 ,1948.76 ,2741.89 
600325.sh,2023年中报,392247.73 ,260445.55 ,331293.26 ,446957.00 ,1458.54 ,31478.47 ,25545.82 ,202807.69 ,33296.80 ,2552.90 ,3533.71 
600325.sh,2022年年报,350880.23 ,243544.28 ,293241.72 ,402691.07 ,883.49 ,59189.81 ,47242.72 ,173763.10 ,38344.23 ,4788.46 ,6249.05 
000809.sz,2023年三季报,4422.80 ,4043.62 ,1208.06 ,4601.20 ,45.46 ,38.44 ,42.12 ,876.10 ,-,-85.30 ,-85.28 
000809.sz,2023年一季报,4078.88 ,4043.43 ,1413.43 ,4261.45 ,24.94 ,5.98 ,6.96 ,738.19 ,-,-30.43 ,-30.43 
000809.sz,2022年三季报,4116.17 ,4094.22 ,1497.38 ,4319.86 ,13.91 ,22.26 ,30.52 ,798.32 ,-,-92.10 ,-92.10 
000809.sz,2022年一季报,4126.47 ,4105.11 ,1453.64 ,4335.82 ,15.28 ,4.01 ,5.72 ,737.22 ,-,-32.40 ,-32.40 
600162.sh,2023年三季报,15272.86 ,11939.47 ,15004.83 ,21403.21 ,39.11 ,2486.33 ,1539.19 ,12064.19 ,-,39.28 ,236.05 
600162.sh,2023年一季报,16630.04 ,12050.09 ,15963.10 ,22794.09 ,27.85 ,1191.59 ,795.64 ,12256.65 ,-,70.78 ,139.59 
600162.sh,2022年三季报,20281.83 ,14872.73 ,19196.74 ,26768.07 ,30.31 ,2817.78 ,1723.99 ,15257.67 ,-,114.68 ,227.31 
600162.sh,2022年一季报,21914.69 ,15312.39 ,20791.88 ,28441.17 ,29.11 ,1072.26 ,727.57 ,16441.19 ,-,46.96 ,97.12 
600064.sh,2023年三季报,17797.17 ,11701.30 ,18400.91 ,37082.09 ,492.60 ,4235.63 ,3830.55 ,15435.54 ,-,1680.27 ,1724.01 
600064.sh,2023年一季报,18389.09 ,13300.09 ,18854.53 ,37168.51 ,353.84 ,1207.40 ,1091.32 ,16832.29 ,-,646.08 ,661.76 
600064.sh,2022年三季报,19573.82 ,14226.84 ,20535.22 ,37724.14 ,234.57 ,1951.88 ,1432.19 ,18456.16 ,-,1932.95 ,2042.74 
600064.sh,2022年一季报,16782.43 ,11450.40 ,17316.39 ,33918.25 ,272.54 ,435.37 ,289.47 ,15577.26 ,-,679.71 ,732.00 
000981.sz,2023年三季报,6234.04 ,3387.26 ,13589.67 ,17918.95 ,1078.92 ,4244.72 ,3772.79 ,10878.77 ,-,-1374.02 ,-1289.22 
000981.sz,2023年一季报,6236.06 ,3785.91 ,12390.95 ,17698.49 ,825.35 ,1155.83 ,976.44 ,9663.40 ,-,-215.68 ,-241.14 
000981.sz,2022年三季报,6307.66 ,3400.85 ,11243.68 ,17757.51 ,602.79 ,2755.11 ,2619.72 ,8263.97 ,-,122.88 ,80.63 
000981.sz,2022年一季报,7250.52 ,3401.68 ,12483.80 ,18543.14 ,984.94 ,1330.69 ,1295.50 ,10915.82 ,-,463.35 ,424.94 
000537.sz,2023年三季报,11465.09 ,6.48 ,29767.71 ,49186.62 ,5673.66 ,2829.35 ,1229.43 ,8567.03 ,-,894.36 ,1010.08 
000537.sz,2023年一季报,10789.45 ,2.44 ,19695.97 ,37651.92 ,5043.97 ,873.73 ,397.48 ,2538.04 ,-,265.61 ,297.01 
000537.sz,2022年三季报,11365.22 ,2.44 ,19709.97 ,37359.09 ,5834.82 ,2638.68 ,1134.83 ,3053.35 ,-,699.78 ,755.28 
000537.sz,2022年一季报,12329.02 ,2.59 ,21129.98 ,38425.10 ,5263.88 ,791.75 ,350.93 ,3594.62 ,-,170.15 ,187.80 
600736.sh,2023年三季报,47413.43 ,29709.08 ,50844.56 ,67966.70 ,780.97 ,6000.47 ,5220.95 ,18661.44 ,-,357.03 ,399.94 
600736.sh,2023年一季报,47499.64 ,29758.34 ,49628.53 ,66365.59 ,590.93 ,2935.12 ,2596.91 ,18655.57 ,-,178.46 ,236.66 
600736.sh,2022年三季报,47861.54 ,30260.49 ,47314.14 ,62957.14 ,521.62 ,6418.95 ,5458.30 ,20957.67 ,-,279.87 ,435.80 
600736.sh,2022年一季报,49514.90 ,32928.08 ,48551.01 ,64420.19 ,573.24 ,920.38 ,820.64 ,22935.81 ,-,18.04 ,48.92 
600807.sh,2023年三季报,2483.25 ,792.25 ,2619.68 ,3397.89 ,994.61 ,504.15 ,383.05 ,2221.57 ,-,-7.81 ,-25.45 
600807.sh,2023年一季报,2831.18 ,855.35 ,2939.28 ,3772.31 ,922.96 ,194.03 ,128.16 ,2505.81 ,-,28.15 ,21.57 
600807.sh,2022年三季报,5455.64 ,2389.83 ,6926.65 ,7547.92 ,726.59 ,1192.29 ,809.77 ,5510.68 ,-,-141.76 ,-165.32 
600807.sh,2022年一季报,4031.11 ,2138.03 ,6039.54 ,6789.34 ,623.23 ,320.78 ,238.84 ,4690.73 ,-,-122.79 ,-119.88 
600177.sh,2023年三季报,36101.07 ,19119.16 ,43252.96 ,81228.04 ,242.53 ,7457.75 ,3469.43 ,35486.56 ,-,2800.38 ,3014.47 
600177.sh,2023年一季报,33828.43 ,18996.71 ,40138.38 ,79905.77 ,249.51 ,3265.73 ,1627.08 ,33071.47 ,-,1098.59 ,1075.76 
600177.sh,2022年三季报,31386.80 ,16160.72 ,37214.79 ,73975.90 ,214.71 ,12826.06 ,6067.16 ,28860.39 ,-,4245.43 ,5061.09 
600177.sh,2022年一季报,33009.31 ,15834.19 ,39936.78 ,76858.62 ,270.86 ,7425.88 ,3327.85 ,31956.16 ,-,2123.80 ,2666.67 
600325.sh,2023年三季报,392121.94 ,272150.39 ,325102.80 ,445989.05 ,1948.99 ,47251.03 ,38879.95 ,202374.21 ,-,3151.64 ,4399.97 
600325.sh,2023年一季报,378008.28 ,259255.15 ,316084.10 ,426851.20 ,1434.02 ,11958.34 ,9910.83 ,188714.85 ,-,804.80 ,1120.64 
600325.sh,2022年三季报,341897.38 ,255610.70 ,286402.52 ,391817.65 ,514.57 ,32807.99 ,25959.54 ,176232.31 ,-,2729.63 ,3637.58 
600325.sh,2022年一季报,324596.09 ,223784.54 ,268554.23 ,366841.86 ,347.43 ,8088.07 ,6533.33 ,162773.58 ,-,750.57 ,951.45 
000031.sz,2023年三季报,152720.37 ,98908.67 ,160513.21 ,208198.01 ,376.41 ,20698.29 ,15062.08 ,93048.40 ,-,-57.96 ,989.14 
000031.sz,2023年一季报,149220.18 ,94804.64 ,158092.47 ,206133.55 ,381.29 ,6085.49 ,4242.40 ,91959.64 ,-,615.24 ,862.54 
000031.sz,2022年三季报,158552.89 ,103524.23 ,163733.08 ,215103.63 ,561.30 ,24857.98 ,17935.42 ,105145.51 ,-,1153.41 ,2347.62 
000031.sz,2022年一季报,155300.63 ,100571.72 ,157378.90 ,210494.00 ,380.71 ,8181.06 ,5160.11 ,95720.38 ,-,794.38 ,1421.16 
600239.sh,2023年三季报,4563.65 ,564.32 ,10130.74 ,12682.85 ,217.87 ,1222.24 ,713.25 ,4601.16 ,-,179.30 ,193.30 
600239.sh,2023年一季报,4813.45 ,563.55 ,10190.29 ,12767.38 ,224.96 ,397.00 ,221.19 ,4832.04 ,-,175.04 ,176.03 
600239.sh,2022年三季报,8300.41 ,6004.77 ,25439.41 ,27325.00 ,262.76 ,1999.36 ,1262.81 ,15160.17 ,-,-682.38 ,-630.05 
600239.sh,2022年一季报,19928.12 ,17186.20 ,37996.29 ,40057.65 ,193.99 ,807.87 ,538.76 ,27119.99 ,-,-407.57 ,-330.54 
000036.sz,2023年三季报,5608.66 ,2046.08 ,1927.75 ,8079.79 ,22.49 ,414.87 ,219.15 ,1299.11 ,-,55.84 ,71.53 
000036.sz,2023年一季报,6695.21 ,2089.29 ,2578.20 ,8875.81 ,47.01 ,169.31 ,86.23 ,1951.09 ,-,38.18 ,50.07 
000036.sz,2022年三季报,6429.35 ,3009.29 ,3007.83 ,9007.56 ,8.18 ,502.09 ,247.54 ,2222.52 ,-,89.42 ,120.29 
000036.sz,2022年一季报,6645.52 ,3041.11 ,3186.13 ,9242.77 ,6.23 ,202.49 ,94.19 ,2020.20 ,-,44.97 ,60.28 
603506.sh,2023年三季报,1817.35 ,16.31 ,1385.43 ,2496.01 ,684.09 ,1387.78 ,1125.86 ,1322.24 ,-,123.51 ,157.59 
603506.sh,2023年一季报,1650.45 ,14.20 ,1229.29 ,2323.55 ,617.34 ,465.09 ,364.85 ,1158.37 ,-,43.58 ,55.26 
603506.sh,2022年三季报,1789.44 ,13.96 ,1277.37 ,2330.18 ,659.38 ,1377.57 ,1071.56 ,1141.75 ,-,149.88 ,192.42 
603506.sh,2022年一季报,1653.57 ,14.15 ,1209.63 ,2215.33 ,539.70 ,414.67 ,309.92 ,1041.82 ,-,39.68 ,53.56 
600225.sh,2023年三季报,3330.69 ,1477.76 ,4862.86 ,7484.83 ,592.94 ,570.85 ,371.27 ,3864.37 ,-,31.85 ,-17.21 
600225.sh,2023年一季报,4157.00 ,1478.91 ,4584.36 ,7051.71 ,823.88 ,65.60 ,56.15 ,3729.93 ,-,-21.69 ,-21.15 
600225.sh,2022年三季报,2709.35 ,1176.95 ,4176.81 ,6390.09 ,749.09 ,636.10 ,358.73 ,3696.64 ,-,90.71 ,115.09 
600225.sh,2022年一季报,3079.70 ,1499.87 ,4363.75 ,6263.31 ,561.23 ,39.40 ,34.74 ,3879.61 ,-,-84.10 ,-84.05 
000961.sz,2023年三季报,226464.03 ,134118.76 ,256158.21 ,280576.03 ,8312.28 ,31867.51 ,28862.66 ,230679.14 ,-,-831.74 ,-330.30 
000961.sz,2023年一季报,241388.48 ,149859.93 ,270933.01 ,297922.07 ,6793.94 ,11129.56 ,10253.44 ,243865.67 ,-,-609.90 ,-424.69 
000961.sz,2022年三季报,273447.76 ,173521.49 ,296860.90 ,337286.55 ,4878.64 ,34350.70 ,32227.25 ,264841.71 ,-,-1789.67 ,-1866.44 
000961.sz,2022年一季报,301237.44 ,188604.75 ,326830.59 ,368991.77 ,3398.96 ,7749.27 ,7038.35 ,285933.93 ,-,-613.74 ,-438.16 
000402.sz,2023年三季报,100011.23 ,70516.27 ,109291.32 ,150211.63 ,883.21 ,8200.40 ,7477.58 ,38705.61 ,-,-1451.47 ,-1681.57 
000402.sz,2023年一季报,106211.08 ,73181.89 ,114363.03 ,156550.91 ,886.10 ,2835.21 ,2320.68 ,36509.36 ,-,-232.49 ,-245.49 
000402.sz,2022年三季报,103048.63 ,76958.81 ,110449.45 ,154180.59 ,462.24 ,15510.26 ,12780.30 ,44743.56 ,-,1295.11 ,1740.42 
000402.sz,2022年一季报,106945.11 ,82484.54 ,113051.60 ,156527.19 ,746.77 ,4699.89 ,3691.91 ,42713.32 ,-,935.28 ,1267.55 
600463.sh,2023年三季报,1730.23 ,336.21 ,1482.30 ,2595.27 ,284.96 ,377.74 ,330.95 ,1381.35 ,-,-73.58 ,-70.91 
600463.sh,2023年一季报,1629.74 ,339.89 ,1375.91 ,2513.32 ,164.90 ,128.41 ,136.48 ,1359.45 ,-,-50.89 ,-51.27 
600463.sh,2022年三季报,1717.08 ,327.84 ,1361.61 ,2625.31 ,134.44 ,554.69 ,394.93 ,1302.39 ,-,22.58 ,47.50 
600463.sh,2022年一季报,1804.35 ,323.79 ,1641.54 ,2876.75 ,112.57 ,175.57 ,136.99 ,1575.05 ,-,-6.46 ,-8.77 
000732.sz,2023年一季报,170659.96 ,157026.03 ,207764.78 ,215586.66 ,345.08 ,969.25 ,878.90 ,186121.15 ,-,-614.12 ,-622.90 
000732.sz,2022年三季报,171449.12 ,156630.49 ,205726.69 ,216898.81 ,805.94 ,5263.81 ,4875.75 ,167419.71 ,-,-3104.60 ,-3207.33 
000732.sz,2022年一季报,173895.23 ,159125.94 ,206973.58 ,221344.70 ,499.36 ,245.86 ,147.00 ,147678.61 ,-,-416.48 ,-435.89 
600094.sh,2023年三季报,20239.54 ,16357.62 ,14101.89 ,27461.36 ,174.71 ,10228.19 ,8632.13 ,12063.73 ,-,677.11 ,967.18 
600094.sh,2023年一季报,28107.98 ,22928.80 ,22187.78 ,34999.78 ,239.21 ,1499.31 ,1198.84 ,19202.32 ,-,95.96 ,130.06 
600094.sh,2022年三季报,31837.41 ,26529.14 ,25605.64 ,38217.74 ,229.49 ,3594.71 ,2772.27 ,20385.31 ,-,58.95 ,90.23 
600094.sh,2022年一季报,35028.49 ,26636.77 ,28519.32 ,41323.08 ,232.61 ,821.28 ,737.53 ,20568.94 ,-,-77.12 ,-93.28 
000573.sz,2023年三季报,1159.08 ,853.90 ,887.45 ,2409.93 ,28.10 ,272.08 ,230.40 ,610.88 ,-,-70.01 ,-35.27 
000573.sz,2023年一季报,1017.69 ,782.88 ,943.00 ,2595.81 ,31.20 ,90.82 ,76.85 ,656.87 ,-,7.47 ,6.41 
000573.sz,2022年三季报,1243.81 ,838.48 ,961.65 ,2613.75 ,36.88 ,759.86 ,688.56 ,782.00 ,-,41.64 ,43.14 
000573.sz,2022年一季报,1309.03 ,796.54 ,789.74 ,2456.40 ,48.27 ,125.77 ,102.48 ,712.14 ,-,-7.46 ,-7.35 
000679.sz,2023年三季报,264.84 ,35.98 ,666.02 ,971.17 ,0.05 ,124.17 ,92.49 ,660.24 ,-,-15.41 ,-12.70 
000679.sz,2023年一季报,262.98 ,35.07 ,672.03 ,981.60 ,0.04 ,41.51 ,31.85 ,666.13 ,-,-10.99 ,-11.00 
000679.sz,2022年三季报,251.77 ,37.49 ,645.13 ,983.81 ,0.07 ,114.21 ,86.36 ,637.56 ,-,-41.66 ,-41.70 
000679.sz,2022年一季报,266.41 ,35.17 ,637.92 ,1006.21 ,0.07 ,42.52 ,31.95 ,632.16 ,-,-12.06 ,-12.06 
600215.sh,2023年三季报,1522.42 ,182.12 ,2095.85 ,4088.78 ,621.46 ,1476.49 ,1157.47 ,1659.85 ,-,119.74 ,158.16 
600215.sh,2023年一季报,1913.21 ,927.77 ,2027.54 ,3723.12 ,424.28 ,390.75 ,299.91 ,1720.34 ,-,46.46 ,50.12 
600215.sh,2022年三季报,1553.42 ,1102.19 ,1908.27 ,3406.33 ,161.96 ,660.13 ,537.16 ,1266.17 ,-,37.76 ,30.39 
600215.sh,2022年一季报,1679.36 ,1003.40 ,2004.61 ,3423.27 ,266.04 ,354.34 ,307.55 ,1256.80 ,-,22.25 ,14.02 
600791.sh,2023年三季报,20702.54 ,15711.58 ,17004.01 ,21476.21 ,120.49 ,2155.07 ,1994.18 ,8824.29 ,-,-356.23 ,-341.86 
600791.sh,2023年一季报,19509.93 ,15313.83 ,14660.90 ,20320.16 ,116.99 ,1701.64 ,1603.45 ,7053.76 ,-,-38.29 ,-26.33 
600791.sh,2022年三季报,23268.96 ,20311.14 ,18626.76 ,24203.07 ,108.94 ,1131.97 ,966.92 ,13774.19 ,-,-61.58 ,-45.40 
600791.sh,2022年一季报,21754.45 ,18486.77 ,16659.01 ,22706.21 ,126.21 ,794.31 ,697.48 ,13744.51 ,-,-5.56 ,6.77 
000616.sz,2023年一季报,19.76 ,11.38 ,918.80 ,5390.81 ,3.11 ,7.57 ,5.10 ,163.35 ,-,-8.91 ,-8.91 
000616.sz,2022年三季报,49.65 ,31.60 ,536.59 ,5957.50 ,2.65 ,38.03 ,23.97 ,153.33 ,-,118.27 ,118.27 
000616.sz,2022年一季报,78.02 ,41.35 ,536.72 ,5506.72 ,0.42 ,14.07 ,9.15 ,145.86 ,-,-5.05 ,-5.05 
600185.sh,2023年三季报,22833.01 ,19972.07 ,22627.83 ,28630.03 ,178.00 ,2714.98 ,2022.53 ,15352.95 ,-,-294.58 ,-271.16 
600185.sh,2023年一季报,26068.66 ,20798.60 ,25924.94 ,32264.38 ,202.67 ,988.56 ,701.72 ,19513.47 ,-,9.69 ,-13.03 
600185.sh,2022年三季报,26196.92 ,23272.79 ,24076.57 ,33234.76 ,361.36 ,2754.54 ,2042.51 ,13724.68 ,-,152.88 ,141.06 
600185.sh,2022年一季报,27397.02 ,23366.06 ,24905.57 ,34078.16 ,489.37 ,1343.14 ,885.46 ,11116.60 ,-,129.08 ,172.02 
601588.sh,2023年三季报,48573.35 ,34049.82 ,45478.69 ,61398.53 ,250.02 ,10489.96 ,8247.58 ,22815.43 ,-,-24.13 ,142.28 
601588.sh,2023年一季报,55295.62 ,36955.29 ,51983.38 ,67991.23 ,232.49 ,4185.00 ,3551.78 ,29037.29 ,-,49.38 ,67.35 
601588.sh,2022年三季报,56659.35 ,42290.23 ,53308.32 ,70144.00 ,141.01 ,8766.24 ,7240.67 ,32027.41 ,-,-766.17 ,-733.56 
601588.sh,2022年一季报,62511.55 ,44813.10 ,57476.07 ,76824.32 ,69.48 ,2326.61 ,1788.33 ,34381.77 ,-,40.48 ,68.55 
000736.sz,2023年三季报,135315.89 ,108488.70 ,125597.15 ,143886.11 ,32.62 ,11550.34 ,10963.58 ,76365.64 ,-,-952.90 ,-894.97 
000736.sz,2023年一季报,131734.25 ,108412.91 ,121438.94 ,140240.51 ,33.18 ,2688.86 ,2373.57 ,74141.24 ,-,-91.15 ,4.98 
000736.sz,2022年三季报,137972.43 ,116882.01 ,129379.76 ,147482.01 ,126.87 ,15250.27 ,13503.97 ,90389.74 ,-,129.63 ,251.96 
000736.sz,2022年一季报,139491.59 ,108682.03 ,132552.11 ,150519.80 ,44.21 ,3948.06 ,3382.04 ,78484.51 ,-,24.48 ,120.79 
600716.sh,2023年三季报,5870.98 ,4733.96 ,2922.92 ,8111.58 ,0.56 ,279.84 ,142.79 ,2232.10 ,-,47.18 ,72.95 
600716.sh,2023年一季报,5749.41 ,4704.43 ,2741.77 ,8011.23 ,0.56 ,215.75 ,105.83 ,2109.20 ,-,40.67 ,61.56 
600716.sh,2022年三季报,5525.31 ,3932.87 ,2079.55 ,7592.24 ,2.26 ,565.40 ,408.74 ,1195.16 ,-,37.77 ,53.67 
600716.sh,2022年一季报,4807.86 ,2752.99 ,1383.67 ,6998.32 ,2.26 ,485.67 ,329.63 ,673.69 ,-,66.39 ,90.91 
000926.sz,2023年三季报,28729.83 ,20573.91 ,24662.23 ,37028.50 ,313.71 ,4437.04 ,3335.30 ,18390.16 ,-,53.24 ,188.92 
000926.sz,2023年一季报,29732.41 ,21448.27 ,25899.91 ,38299.80 ,332.49 ,1380.25 ,939.96 ,19850.91 ,-,38.92 ,93.00 
000926.sz,2022年三季报,34488.65 ,24476.28 ,31228.23 ,43565.61 ,349.18 ,9188.96 ,7784.78 ,23359.69 ,-,24.81 ,100.61 
000926.sz,2022年一季报,39023.38 ,28623.62 ,35857.96 ,48321.54 ,398.87 ,1655.73 ,1291.77 ,27326.60 ,-,61.59 ,89.00 
600604.sh,2023年三季报,11633.45 ,9425.46 ,13610.58 ,22057.34 ,146.96 ,786.47 ,514.07 ,7323.29 ,-,-40.82 ,-26.95 
600604.sh,2023年一季报,11426.73 ,8864.78 ,13578.73 ,22046.17 ,117.30 ,245.47 ,159.10 ,7957.71 ,-,-35.42 ,-31.71 
600604.sh,2022年三季报,10386.01 ,9085.58 ,12450.30 ,20882.83 ,329.15 ,943.15 ,470.50 ,6823.19 ,-,23.39 ,59.49 
600604.sh,2022年一季报,10124.44 ,8746.87 ,12253.96 ,20785.97 ,415.59 ,458.67 ,164.96 ,5191.71 ,-,84.03 ,127.69 
600466.sh,2023年一季报,116094.32 ,87245.70 ,149578.35 ,128477.20 ,2213.72 ,4503.98 ,4181.65 ,141060.92 ,-,-646.32 ,-667.24 
600466.sh,2022年三季报,132967.67 ,103511.36 ,154350.77 ,148017.28 ,1929.18 ,14856.83 ,14400.19 ,146471.14 ,-,-11674.50 ,-12010.12 
600466.sh,2022年一季报,155274.33 ,122994.06 ,160788.21 ,167460.33 ,2010.00 ,7082.81 ,6691.12 ,150369.80 ,-,-290.40 ,-231.77 
600322.sh,2023年三季报,12914.67 ,11575.41 ,13894.05 ,14628.73 ,379.09 ,3723.09 ,2982.57 ,8709.42 ,-,-1.49 ,42.77 
600322.sh,2023年一季报,13926.83 ,12717.34 ,15102.56 ,15740.86 ,1.12 ,1716.62 ,1528.66 ,9744.79 ,-,-101.97 ,-91.36 
600322.sh,2022年三季报,14892.12 ,13716.19 ,15845.29 ,16926.80 ,0.01 ,2998.25 ,2750.00 ,12470.23 ,-,96.24 ,109.13 
600322.sh,2022年一季报,16776.15 ,15593.32 ,17907.94 ,18758.67 ,0.32 ,182.31 ,142.20 ,14244.02 ,-,-202.43 ,-196.90 
000502.sz,2022年一季报,212.84 ,15.36 ,99.36 ,362.58 ,49.78 ,44.51 ,41.01 ,94.02 ,-,-4.66 ,-4.15 
000029.sz,2023年三季报,5028.78 ,4293.03 ,1478.26 ,5660.12 ,35.83 ,354.32 ,289.09 ,1289.74 ,-,-40.21 ,-42.34 
000029.sz,2023年一季报,4851.12 ,4282.13 ,1255.09 ,5507.81 ,54.29 ,109.16 ,101.08 ,1176.99 ,-,-36.44 ,-40.36 
000029.sz,2022年三季报,4879.90 ,4091.70 ,1399.97 ,5650.58 ,77.51 ,526.35 ,366.48 ,1359.92 ,-,121.96 ,183.82 
000029.sz,2022年一季报,4947.15 ,4046.64 ,1338.10 ,5725.42 ,66.46 ,272.60 ,152.46 ,1331.43 ,-,161.62 ,223.04 
000042.sz,2023年三季报,29275.50 ,25502.61 ,27444.40 ,35005.11 ,237.21 ,4347.31 ,2960.35 ,16337.03 ,-,-123.90 ,-21.76 
000042.sz,2023年一季报,29527.78 ,24938.01 ,27468.28 ,35221.02 ,193.99 ,2490.23 ,1687.95 ,16632.62 ,-,36.61 ,148.24 
000042.sz,2022年三季报,32152.91 ,26389.35 ,29211.16 ,37679.14 ,250.58 ,6060.49 ,3989.18 ,17557.76 ,-,267.27 ,627.12 
000042.sz,2022年一季报,34731.49 ,28392.76 ,31914.86 ,40201.97 ,254.89 ,1159.74 ,717.07 ,18068.23 ,-,64.13 ,123.90 
000897.sz,2023年三季报,5861.93 ,4551.96 ,3949.83 ,6675.93 ,56.96 ,2183.72 ,1038.30 ,3942.98 ,-,495.27 ,643.24 
000897.sz,2023年一季报,6609.54 ,5370.09 ,5468.75 ,7689.49 ,62.62 ,69.54 ,35.88 ,5462.90 ,-,-11.06 ,-13.21 
000897.sz,2022年三季报,7077.45 ,5324.58 ,5887.02 ,7964.10 ,78.12 ,442.85 ,216.59 ,5881.17 ,-,107.66 ,137.37 
000897.sz,2022年一季报,6912.28 ,5242.47 ,5255.75 ,7269.59 ,77.21 ,134.82 ,83.63 ,5147.26 ,-,44.14 ,54.43 
000090.sz,2023年三季报,59100.14 ,29673.75 ,52546.04 ,67174.91 ,3080.01 ,17633.91 ,14845.98 ,41612.40 ,-,1035.11 ,1460.24 
000090.sz,2023年一季报,61719.00 ,33055.09 ,55604.36 ,70039.89 ,2673.02 ,3228.74 ,2617.46 ,43726.25 ,-,211.48 ,290.98 
000090.sz,2022年三季报,59172.88 ,34911.03 ,53594.99 ,67179.81 ,3339.38 ,12887.82 ,9476.77 ,43699.82 ,-,1418.95 ,2079.02 
000090.sz,2022年一季报,55370.20 ,28773.38 ,49926.91 ,63687.44 ,3142.14 ,3860.63 ,2128.14 ,37288.35 ,-,907.63 ,1248.89 
000838.sz,2023年三季报,5283.54 ,3755.83 ,4655.23 ,5880.65 ,39.61 ,3316.18 ,2867.21 ,4520.40 ,-,61.68 ,177.96 
000838.sz,2023年一季报,6334.50 ,4567.03 ,5784.13 ,6940.76 ,48.07 ,1904.72 ,1787.72 ,5142.19 ,-,-7.81 ,42.10 
000838.sz,2022年三季报,11495.84 ,8236.41 ,10548.33 ,12144.58 ,143.02 ,2792.20 ,2155.54 ,9770.05 ,-,-227.84 ,-154.55 
000838.sz,2022年一季报,13175.02 ,9071.77 ,11786.45 ,13693.90 ,139.42 ,1313.50 ,1050.53 ,10761.28 ,-,43.21 ,114.60 
600724.sh,2023年三季报,2296.37 ,347.92 ,1125.55 ,4461.73 ,421.71 ,2526.69 ,2189.13 ,990.52 ,-,152.11 ,199.97 
600724.sh,2023年一季报,2332.04 ,266.82 ,1029.16 ,4535.72 ,467.97 ,822.59 ,683.46 ,889.20 ,-,67.78 ,85.67 
600724.sh,2022年三季报,1982.56 ,270.90 ,816.13 ,4175.58 ,357.72 ,2271.90 ,1916.65 ,680.37 ,-,209.70 ,269.68 
600724.sh,2022年一季报,2282.09 ,273.60 ,703.81 ,4382.52 ,310.41 ,736.12 ,596.11 ,604.57 ,-,81.05 ,104.30 
600223.sh,2023年三季报,9091.72 ,4541.59 ,6208.39 ,10882.83 ,521.37 ,3394.86 ,1796.46 ,5116.05 ,-,309.61 ,350.26 
600223.sh,2023年一季报,10627.94 ,4371.58 ,7879.89 ,12432.49 ,508.33 ,1272.17 ,771.02 ,6213.45 ,-,161.69 ,173.93 
600223.sh,2022年三季报,56872.31 ,47235.15 ,53684.91 ,59610.84 ,377.24 ,8529.13 ,6304.26 ,50414.85 ,-,226.87 ,391.55 
600223.sh,2022年一季报,58852.60 ,48747.31 ,55090.02 ,61638.84 ,365.85 ,1482.21 ,873.64 ,50747.65 ,-,69.37 ,102.46 
600848.sh,2023年三季报,45194.88 ,39215.26 ,47369.55 ,76196.20 ,318.31 ,3314.11 ,1142.58 ,29392.01 ,-,1083.38 ,1438.66 
600848.sh,2023年一季报,38878.44 ,31984.66 ,40586.83 ,68206.60 ,240.40 ,1002.26 ,303.94 ,24318.53 ,-,354.30 ,485.73 
600848.sh,2022年三季报,27278.96 ,20768.67 ,32737.76 ,53413.44 ,1029.12 ,4916.92 ,2319.27 ,16860.38 ,-,1062.55 ,1446.86 
600848.sh,2022年一季报,25750.72 ,20569.58 ,30927.32 ,51314.95 ,363.51 ,1883.75 ,783.48 ,15007.38 ,-,397.66 ,544.14 
600606.sh,2023年三季报,992638.48 ,537606.98 ,1028355.15 ,1192483.10 ,107925.62 ,253621.00 ,227895.26 ,884780.99 ,-,4565.18 ,7534.48 
600606.sh,2023年一季报,1135222.41 ,651621.71 ,1169932.98 ,1336156.71 ,107885.82 ,78806.13 ,70485.56 ,1048008.65 ,-,2734.57 ,3595.86 
600606.sh,2022年三季报,1171363.19 ,668241.18 ,1179580.09 ,1349847.44 ,124927.97 ,305777.34 ,267310.01 ,1059169.42 ,-,10946.83 ,14137.42 
600606.sh,2022年一季报,1225921.96 ,715162.24 ,1237010.04 ,1404629.90 ,118769.77 ,95948.97 ,83725.41 ,1091230.73 ,-,3367.81 ,4232.05 
600266.sh,2023年三季报,122861.06 ,92158.82 ,112766.97 ,140625.79 ,179.39 ,16050.21 ,12824.03 ,66014.95 ,-,617.93 ,859.75 
600266.sh,2023年一季报,129296.94 ,96133.77 ,119644.07 ,146948.08 ,181.77 ,1354.23 ,958.58 ,65843.20 ,-,35.35 ,47.03 
600266.sh,2022年三季报,131250.59 ,98490.33 ,120975.94 ,148655.77 ,87.84 ,9746.54 ,7398.66 ,64652.76 ,-,-772.90 ,-667.13 
600266.sh,2022年一季报,119944.09 ,93698.90 ,109533.85 ,137111.63 ,73.14 ,3112.19 ,2601.09 ,55583.11 ,-,-991.23 ,-989.22 
600692.sh,2023年三季报,2577.03 ,1840.71 ,1844.83 ,3247.26 ,231.46 ,782.24 ,740.40 ,1616.68 ,-,-25.34 ,-25.41 
600692.sh,2023年一季报,2702.42 ,1818.03 ,2382.82 ,3348.88 ,410.46 ,282.30 ,278.84 ,1622.75 ,-,-22.61 ,-23.43 
600692.sh,2022年三季报,1867.92 ,1141.47 ,1516.65 ,2484.49 ,207.39 ,538.78 ,488.95 ,1139.04 ,-,-12.39 ,-8.24 
600692.sh,2022年一季报,1826.56 ,1121.24 ,1477.55 ,2460.67 ,146.30 ,262.64 ,243.39 ,1151.14 ,-,2.92 ,6.84 
600082.sh,2023年三季报,2616.12 ,2115.65 ,1241.34 ,2963.51 ,139.68 ,376.35 ,356.27 ,1081.74 ,-,-35.45 ,-35.06 
600082.sh,2023年一季报,2456.86 ,2118.26 ,1047.63 ,2802.64 ,156.13 ,22.18 ,9.28 ,925.46 ,-,-2.62 ,-2.35 
600082.sh,2022年三季报,2551.78 ,2186.89 ,982.92 ,2694.74 ,66.74 ,306.32 ,296.51 ,867.79 ,-,-35.59 ,-35.51 
600082.sh,2022年一季报,2573.66 ,2186.17 ,982.63 ,2718.35 ,67.43 ,119.75 ,115.30 ,889.08 ,-,-11.75 ,-11.42 
600173.sh,2023年三季报,5287.07 ,4177.24 ,2505.55 ,6388.02 ,93.93 ,4654.22 ,4235.38 ,2492.23 ,-,240.62 ,310.29 
600173.sh,2023年一季报,5615.37 ,3957.03 ,2869.57 ,6648.70 ,49.13 ,1649.65 ,1531.45 ,2862.02 ,-,66.98 ,84.80 
600173.sh,2022年三季报,5806.32 ,3827.69 ,3196.11 ,6956.67 ,2.42 ,3464.05 ,2784.52 ,3186.68 ,-,364.07 ,463.42 
600173.sh,2022年一季报,6364.94 ,3558.10 ,3837.79 ,7396.15 ,22.46 ,441.92 ,330.26 ,3821.03 ,-,53.74 ,68.78 
000069.sz,2023年三季报,293423.08 ,191451.99 ,299628.48 ,390117.27 ,1043.20 ,31760.31 ,24945.95 ,179660.53 ,-,-3900.17 ,-3000.90 
000069.sz,2023年一季报,297400.24 ,199518.03 ,294151.50 ,394802.42 ,920.70 ,6916.53 ,5522.78 ,175959.16 ,-,-89.22 ,70.94 
000069.sz,2022年三季报,356377.39 ,252671.51 ,346881.41 ,465906.23 ,1000.36 ,29281.46 ,23546.22 ,232115.39 ,-,919.44 ,1409.70 
000069.sz,2022年一季报,384686.62 ,253043.62 ,354080.72 ,478554.41 ,1286.62 ,7472.74 ,5139.34 ,237539.70 ,-,457.33 ,632.01 
000667.sz,2023年一季报,11777.25 ,8358.30 ,15334.06 ,17040.53 ,215.81 ,2589.70 ,2098.77 ,14052.66 ,-,161.60 ,196.67 
000667.sz,2022年三季报,14249.48 ,10501.01 ,17455.13 ,19639.65 ,187.75 ,4333.61 ,4211.42 ,15511.47 ,-,-1203.88 ,-1198.44 
000667.sz,2022年一季报,15906.58 ,11201.82 ,18920.28 ,22306.29 ,143.74 ,2464.21 ,2344.19 ,15019.89 ,-,-113.85 ,-91.91 
000608.sz,2023年三季报,153.13 ,5.59 ,1435.63 ,4551.96 ,16.22 ,278.09 ,116.72 ,636.23 ,-,-27.56 ,-1.79 
000608.sz,2023年一季报,108.67 ,5.69 ,1678.04 ,4851.73 ,17.89 ,55.66 ,15.06 ,770.88 ,-,-5.81 ,0.06 
000608.sz,2022年三季报,128.62 ,5.69 ,1813.12 ,5413.88 ,13.18 ,305.41 ,106.59 ,784.06 ,-,18.57 ,46.90 
000608.sz,2022年一季报,155.50 ,5.69 ,1895.89 ,5525.69 ,8.91 ,83.43 ,41.96 ,829.90 ,-,0.87 ,8.69 
600684.sh,2023年三季报,3549.49 ,105.61 ,3431.95 ,3889.65 ,347.89 ,2814.69 ,2391.20 ,3394.37 ,-,-25.61 ,11.87 
600684.sh,2023年一季报,3548.66 ,106.65 ,3360.98 ,3847.94 ,296.49 ,2113.28 ,1835.93 ,3350.64 ,-,-3.38 ,23.94 
600684.sh,2022年三季报,32191.46 ,25211.89 ,32254.88 ,34383.03 ,29.81 ,756.94 ,652.13 ,22806.82 ,-,-1804.71 ,-1854.94 
600684.sh,2022年一季报,32275.18 ,24878.15 ,30698.80 ,34407.48 ,36.55 ,77.90 ,49.33 ,20827.32 ,-,-143.47 ,-145.22 
600657.sh,2023年三季报,66850.50 ,40010.11 ,63298.21 ,88338.27 ,1734.94 ,3926.15 ,2658.22 ,34392.10 ,-,234.39 ,289.96 
600657.sh,2023年一季报,63435.49 ,39354.24 ,60596.34 ,85472.34 ,1943.64 ,1288.22 ,1018.93 ,36194.45 ,-,31.56 ,75.01 
600657.sh,2022年三季报,61912.27 ,38863.48 ,63244.22 ,88222.16 ,1337.25 ,11890.16 ,9295.32 ,35313.16 ,-,479.17 ,787.45 
600657.sh,2022年一季报,61072.13 ,37440.84 ,59259.48 ,84020.04 ,961.30 ,4044.15 ,3475.02 ,32909.87 ,-,58.24 ,228.86 
000506.sz,2023年三季报,235.83 ,89.87 ,951.52 ,2321.06 ,-,218.51 ,216.92 ,857.46 ,-,73.62 ,72.41 
000506.sz,2023年一季报,422.24 ,226.91 ,1063.45 ,1690.79 ,21.55 ,70.88 ,79.10 ,938.39 ,-,-43.07 ,-40.01 
000506.sz,2022年三季报,420.72 ,191.36 ,1139.27 ,1757.88 ,15.09 ,208.31 ,233.47 ,928.48 ,-,177.98 ,175.26 
000506.sz,2022年一季报,380.83 ,189.85 ,1128.15 ,1817.99 ,9.95 ,63.21 ,74.56 ,958.84 ,-,256.79 ,248.96 
600393.sh,2023年一季报,9602.98 ,6992.52 ,8024.65 ,10705.53 ,132.25 ,168.70 ,134.35 ,5008.67 ,-,-78.43 ,-78.79 
600393.sh,2022年三季报,9648.04 ,7466.62 ,7297.66 ,10798.09 ,148.18 ,1281.67 ,1206.34 ,6566.51 ,-,-284.66 ,-280.67 
600393.sh,2022年一季报,11626.35 ,8644.84 ,9822.35 ,13917.09 ,153.70 ,175.02 ,131.28 ,9093.55 ,-,-74.35 ,-75.19 
000002.sz,2023年三季报,1289539.44 ,814702.13 ,1239574.35 ,1646701.74 ,9372.70 ,290308.49 ,239270.39 ,940470.38 ,-,21337.67 ,28212.42 
000002.sz,2023年一季报,1401049.10 ,877709.49 ,1345572.74 ,1743078.59 ,8597.97 ,68474.01 ,57896.60 ,1059822.71 ,-,2937.53 ,4091.13 
000002.sz,2022年三季报,1482234.40 ,982183.94 ,1426655.63 ,1832624.11 ,7782.89 ,337673.24 ,271390.33 ,1168326.00 ,-,27891.81 ,37447.02 
000002.sz,2022年一季报,1608773.59 ,1076340.26 ,1554059.67 ,1947369.38 ,5926.50 ,62667.07 ,50838.80 ,1303928.12 ,-,2932.82 ,3969.82 
000006.sz,2023年三季报,24009.30 ,18537.92 ,19922.28 ,28261.24 ,32.67 ,829.29 ,508.49 ,12650.04 ,-,-3.81 ,-3.21 
000006.sz,2023年一季报,22315.99 ,16938.99 ,18037.44 ,26493.85 ,30.28 ,265.64 ,165.85 ,10996.14 ,-,-12.80 ,-19.46 
000006.sz,2022年三季报,22211.26 ,17123.43 ,18083.10 ,26319.76 ,21.23 ,1488.89 ,892.82 ,10089.38 ,-,216.49 ,279.81 
000006.sz,2022年一季报,19526.17 ,16223.92 ,15279.76 ,23509.20 ,19.31 ,351.39 ,186.30 ,8890.95 ,-,45.08 ,56.20 
600748.sh,2023年三季报,21419.09 ,16198.35 ,22194.90 ,33563.32 ,146.89 ,5080.69 ,3610.22 ,14010.97 ,-,547.19 ,774.15 
600748.sh,2023年一季报,25230.26 ,12786.17 ,24312.91 ,35620.04 ,175.82 ,2787.38 ,2254.11 ,15411.62 ,-,295.46 ,447.39 
600748.sh,2022年三季报,34453.80 ,22827.94 ,32234.25 ,42750.97 ,249.26 ,2022.27 ,1493.75 ,20019.80 ,-,-155.51 ,-66.30 
600748.sh,2022年一季报,34149.77 ,22306.16 ,28900.34 ,40003.89 ,221.17 ,984.86 ,724.82 ,17775.54 ,-,-19.50 ,11.59 
000909.sz,2023年三季报,1453.34 ,522.85 ,1983.52 ,3514.57 ,239.59 ,679.41 ,411.64 ,1824.34 ,-,46.20 ,87.21 
000909.sz,2023年一季报,1975.84 ,636.68 ,2584.75 ,4116.44 ,211.99 ,257.19 ,157.48 ,2443.02 ,-,15.41 ,32.38 
000909.sz,2022年三季报,3046.63 ,1188.50 ,3065.64 ,5043.85 ,348.69 ,619.60 ,445.65 ,2650.00 ,-,19.58 ,29.24 
000909.sz,2022年一季报,2841.65 ,1131.04 ,2790.78 ,4780.49 ,315.09 ,208.32 ,135.69 ,2366.19 ,-,11.54 ,19.92 
600503.sh,2023年三季报,3296.92 ,1845.76 ,804.67 ,4501.82 ,2.95 ,136.50 ,53.46 ,785.69 ,-,13.62 ,10.19 
600503.sh,2023年一季报,3244.88 ,1843.36 ,869.38 ,4539.99 ,4.11 ,10.46 ,3.67 ,848.98 ,-,-13.33 ,-20.77 
600503.sh,2022年三季报,3711.56 ,1832.39 ,1265.65 ,5014.86 ,5.27 ,144.16 ,105.44 ,1242.54 ,-,67.05 ,71.91 
600503.sh,2022年一季报,2287.67 ,1776.15 ,1378.57 ,5128.78 ,4.00 ,6.80 ,4.20 ,1264.70 ,-,63.92 ,63.72 
600533.sh,2023年三季报,21565.23 ,18360.51 ,19741.83 ,24275.38 ,68.77 ,3833.80 ,3400.71 ,11032.52 ,-,25.30 ,39.09 
600533.sh,2023年一季报,19765.23 ,16405.60 ,18076.82 ,22742.40 ,11.50 ,1866.82 ,1631.19 ,10599.92 ,-,28.38 ,36.52 
600533.sh,2022年三季报,21106.73 ,19451.90 ,19430.11 ,24120.75 ,11.50 ,3600.22 ,2737.75 ,11535.88 ,-,212.41 ,301.88 
600533.sh,2022年一季报,21015.69 ,18501.28 ,19447.04 ,24114.82 ,12.04 ,685.96 ,371.09 ,13465.35 ,-,122.72 ,163.66 
000540.sz,2023年一季报,73395.65 ,37325.07 ,161208.73 ,149641.61 ,616.13 ,816.61 ,924.53 ,68777.51 ,-,-1504.52 ,-1835.88 
000540.sz,2022年三季报,82230.21 ,40488.80 ,153367.93 ,158303.52 ,722.86 ,3275.89 ,3394.95 ,66040.60 ,-,-5219.47 ,-6920.52 
000540.sz,2022年一季报,78940.97 ,746.38 ,147714.79 ,157480.65 ,1114.39 ,1084.42 ,1054.45 ,66212.78 ,-,-1305.43 ,-1742.76 
000965.sz,2023年三季报,11719.74 ,10106.19 ,7970.54 ,14406.30 ,61.64 ,1522.26 ,1329.10 ,6401.57 ,-,-112.34 ,-122.45 
000965.sz,2023年一季报,11111.93 ,10142.57 ,7072.90 ,13665.51 ,10.01 ,266.41 ,151.26 ,5657.95 ,-,22.41 ,33.01 
000965.sz,2022年三季报,10485.10 ,9581.94 ,7586.76 ,13083.89 ,4.96 ,1025.97 ,524.01 ,5836.39 ,-,62.38 ,82.56 
000965.sz,2022年一季报,10133.20 ,9319.64 ,7281.01 ,12748.13 ,9.64 ,495.57 ,237.66 ,5864.01 ,-,32.31 ,51.03 
600077.sh,2023年一季报,33502.19 ,25479.50 ,36038.62 ,37959.47 ,85.48 ,439.86 ,336.58 ,30490.67 ,-,-3.87 ,6.05 
600077.sh,2022年三季报,35616.55 ,26479.67 ,34431.61 ,39931.38 ,113.16 ,6813.44 ,5915.31 ,31043.61 ,-,155.35 ,297.14 
600077.sh,2022年一季报,40969.30 ,29430.04 ,39632.53 ,45089.59 ,75.52 ,1733.20 ,1538.39 ,35854.12 ,-,-10.92 ,6.19 
601512.sh,2023年三季报,18023.78 ,11185.84 ,15349.82 ,34141.82 ,2052.68 ,2611.86 ,1333.11 ,7675.22 ,-,1217.91 ,1449.88 
601512.sh,2023年一季报,17642.66 ,11220.46 ,14288.19 ,32816.19 ,2662.17 ,930.40 ,306.80 ,7770.63 ,-,464.55 ,577.35 
601512.sh,2022年三季报,16944.61 ,10960.77 ,14371.68 ,31507.00 ,1783.93 ,3076.46 ,1280.05 ,7849.47 ,-,1365.02 ,1784.57 
601512.sh,2022年一季报,16914.18 ,10698.20 ,13660.16 ,30852.36 ,2059.84 ,1490.86 ,477.05 ,8095.26 ,-,783.75 ,1023.44 
600708.sh,2023年三季报,59369.93 ,40361.36 ,52284.83 ,64164.73 ,2206.59 ,6644.70 ,5646.29 ,21694.97 ,-,154.82 ,228.08 
600708.sh,2023年一季报,61813.77 ,42306.34 ,54804.09 ,66556.94 ,1654.66 ,2014.25 ,1826.36 ,25508.14 ,-,1.41 ,7.13 
600708.sh,2022年三季报,62632.88 ,42671.13 ,54097.80 ,66805.44 ,1361.98 ,12680.96 ,10834.84 ,26757.07 ,-,168.66 ,397.25 
600708.sh,2022年一季报,68224.94 ,47182.18 ,59232.41 ,72463.95 ,1624.84 ,5185.18 ,4611.20 ,39829.51 ,-,82.96 ,132.22 
600648.sh,2023年三季报,21742.40 ,13062.23 ,29827.13 ,42373.55 ,708.57 ,5353.58 ,3460.53 ,18736.92 ,-,631.72 ,780.07 
600648.sh,2023年一季报,19687.69 ,12469.33 ,28073.22 ,40403.59 ,726.97 ,1448.70 ,1069.78 ,20734.85 ,-,36.22 ,80.87 
600648.sh,2022年三季报,21129.68 ,10081.43 ,28593.74 ,40448.48 ,644.21 ,6757.75 ,4092.38 ,19278.16 ,-,819.04 ,1082.26 
600648.sh,2022年一季报,22258.64 ,9522.45 ,30206.65 ,42998.86 ,487.26 ,3963.32 ,2031.73 ,20399.75 ,-,818.43 ,857.73 
000620.sz,2023年三季报,22400.02 ,16172.01 ,38587.55 ,37778.85 ,291.66 ,2673.07 ,2454.70 ,35463.85 ,-,-1550.11 ,-1334.55 
000620.sz,2023年一季报,20707.78 ,16794.27 ,37963.40 ,37884.34 ,257.96 ,490.85 ,508.10 ,34714.36 ,-,-914.79 ,-801.03 
000620.sz,2022年三季报,21809.32 ,17620.83 ,38366.04 ,41211.42 ,296.20 ,3118.00 ,2603.98 ,30039.81 ,-,-1394.99 ,-1263.51 
000620.sz,2022年一季报,23110.48 ,18407.07 ,38919.20 ,42818.47 ,212.74 ,608.84 ,624.07 ,29301.75 ,-,-445.49 ,-435.67 
600568.sh,2023年三季报,1797.53 ,640.17 ,496.17 ,3170.37 ,96.92 ,380.86 ,262.39 ,429.93 ,-,-254.18 ,-277.30 
600568.sh,2023年一季报,1771.92 ,639.96 ,725.34 ,3640.09 ,89.79 ,117.82 ,77.51 ,410.28 ,-,-21.81 ,-16.59 
600568.sh,2022年三季报,1900.56 ,660.66 ,687.40 ,4378.83 ,104.35 ,379.63 ,269.22 ,371.42 ,-,-36.29 ,-28.29 
600568.sh,2022年一季报,1868.26 ,636.80 ,672.35 ,4402.60 ,117.33 ,122.49 ,87.99 ,349.28 ,-,1.83 ,5.88 
000691.sz,2023年三季报,255.12 ,124.53 ,426.12 ,647.56 ,50.74 ,275.36 ,225.57 ,404.22 ,-,-84.37 ,-84.74 
000691.sz,2023年一季报,256.78 ,99.98 ,406.86 ,726.15 ,84.62 ,118.67 ,95.81 ,385.40 ,-,4.36 ,5.29 
000691.sz,2022年三季报,260.31 ,118.44 ,411.91 ,721.85 ,110.47 ,400.72 ,338.87 ,405.66 ,-,15.55 ,15.34 
000691.sz,2022年一季报,262.42 ,167.16 ,439.15 ,735.22 ,46.50 ,70.15 ,55.93 ,430.10 ,-,-4.66 ,-4.84 
600622.sh,2023年三季报,6413.60 ,2191.21 ,18636.31 ,26997.78 ,487.94 ,3475.02 ,2472.94 ,6625.46 ,-,-594.58 ,-472.92 
600622.sh,2023年一季报,8532.21 ,3834.68 ,20975.24 ,30014.59 ,554.15 ,493.34 ,259.26 ,8365.58 ,-,-11.94 ,10.77 
600622.sh,2022年三季报,11032.44 ,4166.37 ,23566.03 ,32801.31 ,549.93 ,4542.37 ,3191.25 ,8395.87 ,-,187.15 ,376.73 
600622.sh,2022年一季报,13479.11 ,6700.32 ,26008.97 ,35403.75 ,464.72 ,674.72 ,337.85 ,10946.77 ,-,16.80 ,51.46 
000797.sz,2023年三季报,23627.81 ,16194.39 ,19744.21 ,25184.64 ,1312.50 ,4382.65 ,3144.65 ,15308.99 ,-,130.60 ,282.19 
000797.sz,2023年一季报,23246.29 ,15986.93 ,19499.82 ,24881.72 ,1523.91 ,617.16 ,589.95 ,14430.09 ,-,-105.29 ,-134.12 
000797.sz,2022年三季报,21736.73 ,14400.32 ,17863.14 ,23498.27 ,1076.81 ,3804.86 ,3488.32 ,14027.44 ,-,14.84 ,63.10 
000797.sz,2022年一季报,20091.05 ,13737.26 ,16224.05 ,21839.01 ,1099.80 ,884.24 ,731.11 ,12413.49 ,-,13.09 ,11.67 
600340.sh,2023年三季报,326648.52 ,95460.98 ,349253.18 ,373732.91 ,48540.67 ,17786.79 ,13929.80 ,171166.93 ,-,-298.82 ,-2775.74 
600340.sh,2023年一季报,337664.00 ,99510.57 ,357775.57 ,384104.42 ,50873.55 ,5875.61 ,5068.94 ,189066.53 ,-,1266.19 ,-162.90 
600340.sh,2022年三季报,370134.94 ,126631.50 ,400801.92 ,417292.61 ,53314.42 ,21980.44 ,18582.48 ,268680.70 ,-,-28.57 ,82.84 
600340.sh,2022年一季报,386317.10 ,140768.62 ,407707.51 ,433267.98 ,54706.62 ,4182.36 ,3854.31 ,290882.09 ,-,2947.73 ,4233.10 
000558.sz,2023年三季报,204.77 ,34.35 ,646.10 ,1733.54 ,7.89 ,120.46 ,75.35 ,289.08 ,-,-15.71 ,-11.86 
000558.sz,2023年一季报,260.75 ,38.48 ,718.11 ,1807.33 ,7.12 ,83.84 ,43.73 ,295.93 ,-,11.95 ,15.21 
000558.sz,2022年三季报,210.98 ,77.97 ,731.76 ,1826.63 ,16.57 ,58.63 ,44.63 ,281.76 ,-,-19.62 ,-30.01 
000558.sz,2022年一季报,247.00 ,34.95 ,812.15 ,1918.43 ,11.94 ,23.61 ,19.66 ,332.87 ,-,-8.32 ,-8.02 
000056.sz,2023年三季报,1081.52 ,113.39 ,7844.89 ,9440.42 ,279.91 ,1013.30 ,814.45 ,6043.64 ,-,-522.56 ,-564.74 
000056.sz,2023年一季报,1129.83 ,117.20 ,8183.53 ,10180.44 ,289.11 ,195.61 ,82.67 ,6331.99 ,-,-102.38 ,-99.51 
000056.sz,2022年三季报,1344.70 ,35.84 ,7997.27 ,10981.36 ,268.50 ,499.97 ,157.42 ,5707.05 ,-,-398.13 ,-394.11 
000056.sz,2022年一季报,1029.83 ,35.92 ,7357.56 ,10625.02 ,269.59 ,180.63 ,52.06 ,5060.91 ,-,-116.99 ,-116.23 
000517.sz,2023年三季报,55023.82 ,45671.22 ,47576.77 ,58084.27 ,240.13 ,13522.62 ,12199.74 ,43733.02 ,-,1029.07 ,1218.25 
000517.sz,2023年一季报,63604.65 ,51574.19 ,55965.26 ,67402.87 ,240.65 ,5185.04 ,4815.14 ,49614.24 ,-,650.20 ,710.14 
000517.sz,2022年三季报,73188.90 ,57993.93 ,65937.22 ,79072.89 ,129.60 ,10233.79 ,8180.65 ,55923.51 ,-,1157.44 ,1533.13 
000517.sz,2022年一季报,74929.20 ,59507.70 ,66158.43 ,81698.96 ,111.17 ,3826.37 ,2927.56 ,53618.11 ,-,490.92 ,682.95 
600159.sh,2023年三季报,3405.67 ,2335.78 ,1421.48 ,3759.17 ,300.07 ,531.68 ,454.23 ,1421.48 ,-,5.64 ,15.90 
600159.sh,2023年一季报,3495.06 ,2344.32 ,1506.55 ,3849.67 ,319.84 ,105.48 ,89.41 ,1506.55 ,-,11.05 ,13.19 
600159.sh,2022年三季报,3605.54 ,2439.97 ,1465.38 ,3997.41 ,255.42 ,609.34 ,508.46 ,1465.38 ,-,7.13 ,21.35 
600159.sh,2022年一季报,3677.09 ,2479.62 ,1449.67 ,4064.92 ,228.70 ,180.52 ,138.70 ,1449.67 ,-,13.77 ,20.52 
600649.sh,2023年三季报,58317.12 ,49661.59 ,52598.60 ,74247.57 ,1709.26 ,1384.36 ,880.36 ,15475.98 ,-,278.53 ,441.53 
600649.sh,2023年一季报,56207.49 ,48512.95 ,50448.91 ,72171.61 ,1907.88 ,484.51 ,198.68 ,11342.77 ,-,74.57 ,130.39 
600649.sh,2022年三季报,60412.88 ,50923.59 ,51123.73 ,72341.40 ,938.27 ,3852.66 ,3056.35 ,20333.82 ,-,321.31 ,570.70 
600649.sh,2022年一季报,59575.20 ,49993.05 ,48068.86 ,70876.84 ,1108.22 ,1190.69 ,890.96 ,25638.45 ,-,474.61 ,681.91 
000514.sz,2023年三季报,5798.70 ,4395.60 ,3580.75 ,7713.72 ,12.05 ,245.39 ,188.18 ,2921.02 ,-,-7.61 ,-9.15 
000514.sz,2023年一季报,5721.74 ,4284.17 ,3527.53 ,7664.62 ,12.72 ,47.08 ,57.43 ,2713.38 ,-,-20.37 ,-27.98 
000514.sz,2022年三季报,6870.97 ,4350.33 ,4066.71 ,8040.91 ,72.95 ,119.64 ,112.34 ,2983.85 ,-,-25.73 ,-50.58 
000514.sz,2022年一季报,7189.28 ,5641.23 ,4370.71 ,8376.05 ,119.48 ,45.17 ,39.35 ,3349.96 ,-,-11.83 ,-15.44 
000014.sz,2023年三季报,2320.74 ,1610.69 ,960.15 ,2643.89 ,2.54 ,1227.44 ,408.23 ,939.90 ,-,497.48 ,660.07 
000014.sz,2023年一季报,2930.12 ,1794.61 ,1865.62 ,3246.51 ,1.28 ,389.37 ,127.69 ,1838.64 ,-,161.55 ,215.45 
000014.sz,2022年三季报,2436.80 ,1861.96 ,1559.36 ,2727.30 ,1.15 ,370.86 ,237.96 ,1296.33 ,-,184.47 ,32.13 
000014.sz,2022年一季报,2134.93 ,1659.97 ,1435.70 ,2444.83 ,1.76 ,142.69 ,93.96 ,1243.18 ,-,15.52 ,17.83 
000560.sz,2023年三季报,13124.61 ,454.37 ,23939.14 ,34293.53 ,744.60 ,9072.63 ,8124.00 ,15156.95 ,-,-39.92 ,-30.05 
000560.sz,2023年一季报,12551.35 ,509.24 ,22378.24 ,32825.21 ,868.79 ,3149.48 ,2693.45 ,17277.27 ,-,58.58 ,69.29 
000560.sz,2022年三季报,13033.38 ,502.94 ,22848.05 ,33312.09 ,1107.40 ,8885.11 ,7949.93 ,16042.86 ,-,-243.45 ,-262.51 
000560.sz,2022年一季报,12587.06 ,621.35 ,23150.37 ,33637.33 ,1084.52 ,3479.22 ,3108.18 ,15252.75 ,-,-237.63 ,-272.75 
600208.sh,2023年三季报,69658.25 ,48183.92 ,80347.80 ,125163.27 ,5.76 ,3723.19 ,2934.87 ,59573.38 ,-,1938.29 ,2063.12 
600208.sh,2023年一季报,70232.60 ,47530.98 ,82064.28 ,125258.60 ,13.96 ,315.84 ,240.53 ,59995.32 ,-,708.50 ,689.64 
600208.sh,2022年三季报,75158.40 ,49826.12 ,86371.25 ,128430.28 ,45.80 ,6682.87 ,4514.01 ,62134.64 ,-,1570.47 ,1911.74 
600208.sh,2022年一季报,73032.85 ,48896.79 ,87593.08 ,128721.91 ,49.30 ,2108.68 ,1333.43 ,60686.28 ,-,485.63 ,575.39 
000631.sz,2023年三季报,6370.82 ,1172.71 ,1335.44 ,7211.58 ,51.64 ,1786.91 ,1457.97 ,1335.35 ,-,268.04 ,337.48 
000631.sz,2023年一季报,8318.33 ,2674.08 ,2956.00 ,9185.94 ,46.40 ,59.15 ,31.99 ,2881.51 ,-,20.51 ,28.61 
000631.sz,2022年三季报,8322.79 ,2617.58 ,3106.81 ,9261.39 ,83.44 ,208.48 ,104.33 ,2939.68 ,-,118.50 ,153.61 
000631.sz,2022年一季报,8483.39 ,2557.53 ,3138.89 ,9485.28 ,71.41 ,69.17 ,33.38 ,2928.68 ,-,43.98 ,58.27 
000718.sz,2023年三季报,11231.47 ,9490.22 ,5411.65 ,15207.94 ,63.34 ,1465.07 ,564.47 ,4438.42 ,-,386.34 ,474.92 
000718.sz,2023年一季报,11478.87 ,9463.63 ,5215.33 ,15121.03 ,87.51 ,433.60 ,149.62 ,4462.17 ,-,126.79 ,145.74 
000718.sz,2022年三季报,12028.52 ,9678.52 ,6075.60 ,15687.37 ,134.52 ,1810.27 ,744.16 ,5275.75 ,-,500.18 ,639.56 
000718.sz,2022年一季报,12367.70 ,9960.68 ,6760.83 ,15973.56 ,127.02 ,476.66 ,167.53 ,5478.28 ,-,131.18 ,166.66 
600515.sh,2023年三季报,24112.27 ,12601.55 ,31070.24 ,55893.96 ,1481.57 ,4536.52 ,2498.85 ,10135.96 ,-,873.73 ,1034.23 
600515.sh,2023年一季报,24132.93 ,12787.06 ,31788.77 ,55912.16 ,1262.86 ,1259.35 ,623.45 ,10587.20 ,-,269.63 ,334.67 
600515.sh,2022年三季报,26820.10 ,12841.43 ,35947.90 ,58222.19 ,1385.53 ,2953.47 ,2071.64 ,14503.29 ,-,1793.35 ,-172.27 
600515.sh,2022年一季报,28945.15 ,12576.48 ,39604.61 ,60165.99 ,1422.98 ,1189.14 ,695.98 ,17276.49 ,-,88.00 ,92.41 
600675.sh,2023年三季报,50788.80 ,31533.96 ,43972.59 ,61626.18 ,294.77 ,9469.52 ,6999.36 ,26227.95 ,-,745.25 ,1188.02 
600675.sh,2023年一季报,42228.60 ,22739.00 ,44551.95 ,60649.00 ,240.29 ,387.81 ,285.28 ,21375.17 ,-,-352.40 ,-402.29 
600675.sh,2022年三季报,35505.00 ,15141.80 ,41555.28 ,57802.01 ,232.98 ,1891.21 ,1443.81 ,21698.85 ,-,-449.16 ,-358.59 
600675.sh,2022年一季报,32640.92 ,15344.58 ,38447.83 ,55362.51 ,231.57 ,686.58 ,486.37 ,17941.04 ,-,-104.22 ,-67.05 
600638.sh,2023年三季报,14410.34 ,4341.87 ,16115.80 ,20766.97 ,69.38 ,2430.90 ,2071.61 ,9900.14 ,-,124.22 ,177.29 
600638.sh,2023年一季报,17701.66 ,6434.86 ,19386.49 ,24005.49 ,25.21 ,489.45 ,420.07 ,13945.77 ,-,8.52 ,23.40 
600638.sh,2022年三季报,20692.11 ,9215.41 ,19183.46 ,23779.53 ,70.03 ,2419.77 ,2176.71 ,13711.06 ,-,84.93 ,76.61 
600638.sh,2022年一季报,18296.64 ,7706.70 ,16891.88 ,21409.10 ,67.02 ,1297.12 ,1239.24 ,13105.25 ,-,5.06 ,13.13 
600007.sh,2023年三季报,4141.03 ,31.56 ,3262.20 ,12708.85 ,290.26 ,2949.97 ,1169.72 ,2086.59 ,-,1005.94 ,1327.93 
600007.sh,2023年一季报,4390.62 ,31.41 ,3700.95 ,13169.60 ,328.62 ,958.44 ,377.46 ,1584.93 ,-,319.93 ,423.72 
600007.sh,2022年三季报,3663.13 ,30.51 ,3746.83 ,12648.61 ,386.79 ,2596.23 ,1104.11 ,1628.15 ,-,871.55 ,1050.80 
600007.sh,2022年一季报,3884.76 ,32.21 ,4184.22 ,13088.49 ,317.52 ,903.19 ,389.38 ,2005.19 ,-,267.80 ,355.14 
600663.sh,2023年三季报,85613.14 ,59414.53 ,113506.84 ,159653.59 ,838.39 ,5775.45 ,2329.16 ,65978.55 ,-,1183.97 ,1423.36 
600663.sh,2023年一季报,59480.88 ,36001.99 ,87569.80 ,125819.48 ,939.36 ,1981.37 ,701.92 ,51769.41 ,-,564.89 ,690.40 
600663.sh,2022年三季报,57185.70 ,37126.07 ,86231.78 ,123984.67 ,1126.47 ,6768.76 ,2638.32 ,48063.94 ,-,1577.80 ,2020.67 
600663.sh,2022年一季报,48832.32 ,31462.53 ,77737.45 ,117018.57 ,1051.34 ,2701.51 ,818.71 ,44058.26 ,-,787.76 ,1090.49 
600823.sh,2023年三季报,66753.47 ,54303.26 ,89937.48 ,127728.95 ,744.17 ,3394.26 ,2175.79 ,71660.01 ,-,-1979.19 ,-2071.06 
600823.sh,2023年一季报,69440.96 ,55225.64 ,89897.41 ,130715.25 ,708.06 ,1112.45 ,778.81 ,69053.94 ,-,160.53 ,202.92 
600823.sh,2022年三季报,75696.26 ,61377.93 ,89150.17 ,137448.36 ,791.72 ,4504.80 ,3243.16 ,70667.97 ,-,-539.68 ,-683.98 
600823.sh,2022年一季报,76668.81 ,60416.03 ,89235.15 ,138490.66 ,1585.89 ,2642.18 ,1637.36 ,64738.37 ,-,315.48 ,413.17 
600641.sh,2023年三季报,5243.44 ,1176.21 ,1581.37 ,10100.72 ,86.85 ,761.88 ,357.77 ,765.45 ,-,109.03 ,209.87 
600641.sh,2023年一季报,5270.23 ,1072.65 ,1420.89 ,9865.07 ,61.69 ,124.28 ,58.97 ,848.55 ,-,71.88 ,101.20 
600641.sh,2022年三季报,5751.45 ,928.58 ,1843.34 ,9757.33 ,52.66 ,250.17 ,131.00 ,1371.45 ,-,44.80 ,48.80 
600641.sh,2022年一季报,5836.01 ,802.42 ,1951.23 ,9646.08 ,54.24 ,97.43 ,34.06 ,1509.94 ,-,25.11 ,34.16 
600743.sh,2023年三季报,31376.84 ,23975.75 ,34799.24 ,39533.62 ,42.88 ,6342.17 ,5869.97 ,31020.57 ,-,-889.81 ,-847.71 
600743.sh,2023年一季报,41110.49 ,31799.43 ,38497.63 ,44317.90 ,39.71 ,1462.96 ,1331.40 ,30486.52 ,-,-85.73 ,-86.85 
600743.sh,2022年三季报,48890.11 ,39235.99 ,41609.12 ,52247.74 ,43.42 ,5390.78 ,5035.18 ,30767.06 ,-,-599.99 ,-548.28 
600743.sh,2022年一季报,51483.79 ,41323.67 ,44062.05 ,54966.01 ,37.94 ,929.90 ,799.87 ,33210.04 ,-,-64.63 ,-55.75 
600639.sh,2023年三季报,20467.37 ,17618.60 ,20939.80 ,37794.03 ,278.24 ,5368.27 ,1370.70 ,8905.96 ,-,1593.30 ,2152.58 
600639.sh,2023年一季报,18559.15 ,10826.31 ,18581.62 ,35771.42 ,265.83 ,4276.93 ,944.95 ,9430.81 ,-,1362.20 ,1835.74 
600639.sh,2022年三季报,17369.88 ,8424.14 ,20483.20 ,35068.75 ,228.12 ,3482.34 ,1137.22 ,14112.16 ,-,1031.82 ,1411.27 
600639.sh,2022年一季报,14816.52 ,3828.93 ,19848.92 ,32894.75 ,119.46 ,2549.37 ,659.72 ,14135.92 ,-,895.09 ,1224.19 
600565.sh,2023年三季报,52170.48 ,35679.44 ,51138.78 ,63380.80 ,1183.11 ,13916.74 ,11814.03 ,45384.53 ,-,342.35 ,539.52 
600565.sh,2023年一季报,57870.88 ,40217.61 ,56284.01 ,68847.01 ,1276.97 ,4471.00 ,3666.12 ,50218.27 ,-,249.03 ,354.00 
600565.sh,2022年三季报,65005.09 ,46378.54 ,58652.27 ,77453.33 ,1120.64 ,19308.27 ,14943.50 ,49241.31 ,-,1403.71 ,2110.11 
600565.sh,2022年一季报,72592.37 ,51983.99 ,68477.00 ,85838.99 ,964.19 ,2237.41 ,1878.70 ,58252.06 ,-,-30.65 ,-41.08 
600890.sh,2022年三季报,122.95 ,0.69 ,31.53 ,232.23 ,30.91 ,10.97 ,9.14 ,30.38 ,-,-27.35 ,-27.72 
600890.sh,2022年一季报,134.99 ,0.69 ,32.29 ,245.53 ,23.19 ,3.01 ,2.16 ,30.70 ,-,-7.06 ,-7.06 
000918.sz,2023年一季报,5814.14 ,4147.27 ,10441.18 ,10222.97 ,14.80 ,218.54 ,215.64 ,8829.52 ,-,-121.86 ,-121.92 
000918.sz,2022年三季报,7149.80 ,5234.34 ,11859.27 ,12168.99 ,27.92 ,884.67 ,962.52 ,10009.73 ,-,-507.80 ,-523.20 
000918.sz,2022年一季报,7250.35 ,5613.85 ,11643.55 ,12482.73 ,22.72 ,266.21 ,236.97 ,9278.56 ,-,-127.35 ,-128.66 
000656.sz,2023年三季报,211955.66 ,152745.77 ,227115.22 ,260327.33 ,960.30 ,43061.37 ,37093.94 ,196714.00 ,-,-241.14 ,246.58 
000656.sz,2023年一季报,244456.68 ,179018.93 ,254938.70 ,293063.70 ,893.25 ,9951.00 ,8614.26 ,221891.71 ,-,29.85 ,168.73 
000656.sz,2022年三季报,277184.20 ,201328.06 ,260278.78 ,327490.51 ,2901.22 ,43414.60 ,40790.42 ,228383.72 ,-,-4423.95 ,-5227.50 
000656.sz,2022年一季报,299907.77 ,217816.87 ,276880.81 ,351218.77 ,2956.30 ,12671.76 ,11316.87 ,228179.47 ,-,-233.16 ,-314.43 
000668.sz,2023年三季报,1299.75 ,960.50 ,836.38 ,2106.02 ,2.36 ,40.50 ,28.34 ,836.07 ,-,-33.82 ,-33.10 
000668.sz,2023年一季报,1352.37 ,1113.48 ,1018.87 ,2314.76 ,3.19 ,9.72 ,6.90 ,1018.85 ,-,-7.62 ,-9.14 
000668.sz,2022年三季报,2765.97 ,1510.77 ,1584.94 ,3498.03 ,852.42 ,502.02 ,392.59 ,1561.27 ,-,-8.48 ,8.68 
000668.sz,2022年一季报,2970.49 ,1542.13 ,1764.15 ,3612.82 ,828.28 ,142.24 ,100.78 ,1741.55 ,-,1.19 ,5.72 
000863.sz,2023年三季报,5443.05 ,4128.44 ,2810.24 ,6960.68 ,49.16 ,889.29 ,414.62 ,2527.45 ,-,32.10 ,51.39 
000863.sz,2023年一季报,5934.01 ,4158.52 ,3398.69 ,7441.19 ,56.93 ,73.59 ,49.06 ,2873.52 ,-,-76.21 ,-83.80 
000863.sz,2022年三季报,5674.74 ,4122.65 ,3276.77 ,7213.26 ,75.29 ,337.54 ,251.90 ,2840.08 ,-,-175.79 ,-154.18 
000863.sz,2022年一季报,5586.69 ,3927.89 ,3002.28 ,7175.35 ,64.40 ,145.45 ,101.31 ,2375.54 ,-,-57.09 ,-52.59 
600048.sh,2023年三季报,1265425.47 ,871715.31 ,1103953.24 ,1438217.70 ,5062.50 ,192506.46 ,155225.42 ,818168.44 ,-,16979.07 ,21887.99 
600048.sh,2023年一季报,1274978.49 ,877252.44 ,1127338.23 ,1448024.73 ,4532.28 ,39955.55 ,31217.62 ,819663.04 ,-,3983.57 ,5320.24 
600048.sh,2022年三季报,1288164.67 ,864482.77 ,1128237.72 ,1448060.44 ,4305.46 ,156375.98 ,118093.19 ,824699.99 ,-,19015.32 ,24346.81 
600048.sh,2022年一季报,1274591.11 ,860190.78 ,1117907.81 ,1429792.17 ,3075.69 ,33536.63 ,24183.65 ,820422.65 ,-,3920.43 ,5090.76 
600773.sh,2023年三季报,10373.90 ,9003.35 ,10322.07 ,14018.80 ,21.32 ,1433.75 ,934.82 ,6288.74 ,-,15.77 ,70.47 
600773.sh,2023年一季报,9732.67 ,8918.68 ,9704.75 ,13409.19 ,16.11 ,630.63 ,434.03 ,5478.38 ,-,12.93 ,40.28 
600773.sh,2022年三季报,11095.50 ,9496.95 ,10910.61 ,14586.86 ,12.52 ,1726.31 ,1183.85 ,6065.53 ,-,39.19 ,101.98 
600773.sh,2022年一季报,11356.26 ,9719.84 ,11122.75 ,14800.68 ,12.61 ,562.04 ,377.19 ,6661.23 ,-,12.81 ,50.62 
600647.sh,2023年三季报,310.12 ,33.38 ,13.34 ,339.16 ,0.04 ,1.00 ,0.53 ,13.34 ,-,-7.54 ,-7.54 
600647.sh,2023年一季报,315.62 ,33.38 ,13.74 ,345.44 ,0.07 ,0.36 ,0.18 ,13.74 ,-,-1.66 ,-1.66 
600647.sh,2022年三季报,322.16 ,29.42 ,12.59 ,358.13 ,0.05 ,18.30 ,6.85 ,12.58 ,-,12.80 ,12.71 
600647.sh,2022年一季报,352.63 ,34.69 ,42.09 ,389.28 ,0.05 ,1.63 ,1.22 ,42.09 ,-,14.43 ,14.37 
600376.sh,2023年三季报,218823.87 ,135706.24 ,202599.67 ,265987.53 ,1141.62 ,32638.08 ,28724.68 ,92098.10 ,-,-2513.13 ,-2117.09 
600376.sh,2023年一季报,234678.75 ,150441.73 ,220210.61 ,283411.44 ,763.58 ,3635.16 ,3122.50 ,104738.63 ,-,-957.87 ,-961.88 
600376.sh,2022年三季报,250795.48 ,168219.95 ,232453.27 ,300823.17 ,332.67 ,19385.09 ,15189.72 ,112787.95 ,-,94.99 ,333.03 
600376.sh,2022年一季报,267643.25 ,174658.11 ,252821.76 ,319901.54 ,363.11 ,2346.56 ,1641.52 ,130682.10 ,-,-332.04 ,-303.41 
600067.sh,2023年三季报,18736.89 ,11949.17 ,16069.42 ,24275.50 ,3522.43 ,5826.82 ,5195.20 ,14632.76 ,-,-118.87 ,-59.25 
600067.sh,2023年一季报,17541.43 ,11451.28 ,14648.86 ,22986.89 ,3362.32 ,1947.62 ,1629.92 ,13157.26 ,-,0.78 ,30.00 
600067.sh,2022年三季报,18285.72 ,11679.47 ,15280.35 ,23579.90 ,3694.59 ,9040.49 ,7814.81 ,13340.91 ,-,81.36 ,263.47 
600067.sh,2022年一季报,18294.91 ,13863.65 ,15518.34 ,23787.11 ,1035.07 ,2578.16 ,2112.22 ,13050.82 ,-,58.27 ,107.77 
000011.sz,2023年三季报,13616.84 ,11139.35 ,11103.15 ,15583.45 ,432.96 ,2427.33 ,1747.10 ,6627.94 ,-,230.60 ,315.49 
000011.sz,2023年一季报,13710.79 ,11106.51 ,11300.19 ,15779.47 ,404.09 ,411.47 ,310.29 ,7234.23 ,-,10.04 ,13.62 
000011.sz,2022年三季报,12889.41 ,10333.64 ,10611.61 ,14989.81 ,419.83 ,3140.30 ,1571.68 ,6620.97 ,-,446.24 ,604.76 
000011.sz,2022年一季报,12567.11 ,9816.80 ,9994.71 ,14548.05 ,365.16 ,1255.81 ,628.06 ,6182.01 ,-,216.00 ,281.71 
600383.sh,2023年三季报,307167.01 ,159212.96 ,295424.22 ,409932.38 ,1597.75 ,52234.81 ,43377.44 ,226943.32 ,-,731.29 ,1996.56 
600383.sh,2023年一季报,319315.36 ,153738.81 ,306593.47 ,422547.40 ,1461.63 ,14336.94 ,11828.41 ,220887.40 ,-,233.69 ,491.68 
600383.sh,2022年三季报,364855.53 ,192196.51 ,350309.66 ,465648.20 ,1315.67 ,52951.75 ,42130.69 ,261519.91 ,-,5226.34 ,6433.70 
600383.sh,2022年一季报,369628.86 ,192054.82 ,356538.02 ,468415.61 ,760.58 ,13313.68 ,10688.25 ,261469.01 ,-,675.00 ,996.84 
601155.sh,2023年三季报,261099.97 ,174487.64 ,329199.17 ,418732.60 ,533.03 ,71279.73 ,58273.58 ,270959.38 ,-,2744.27 ,3489.71 
601155.sh,2023年一季报,298564.12 ,200946.55 ,363935.30 ,453884.00 ,507.27 ,16252.12 ,12761.53 ,304748.89 ,-,721.59 ,928.37 
601155.sh,2022年三季报,358546.13 ,251590.35 ,415155.76 ,510260.52 ,470.12 ,61754.06 ,48607.25 ,352217.92 ,-,3773.17 ,5013.83 
601155.sh,2022年一季报,379857.75 ,255642.59 ,431517.71 ,527116.48 ,494.07 ,18677.77 ,15119.53 ,353769.55 ,-,580.88 ,770.12 
000615.sz,2023年三季报,700.74 ,181.12 ,3462.02 ,3628.16 ,84.85 ,1042.16 ,743.44 ,917.86 ,-,-47.42 ,-30.19 
000615.sz,2023年一季报,845.34 ,177.64 ,3522.39 ,3733.63 ,77.07 ,325.70 ,234.71 ,802.02 ,-,-18.79 ,-12.14 
000615.sz,2022年三季报,814.71 ,167.05 ,2114.79 ,3867.34 ,135.53 ,1091.20 ,841.36 ,862.49 ,-,-106.06 ,-79.59 
000615.sz,2022年一季报,897.55 ,175.18 ,2190.41 ,4012.83 ,113.30 ,312.22 ,240.40 ,747.70 ,-,-43.21 ,-39.08 
600246.sh,2023年三季报,3584.24 ,966.09 ,2929.38 ,9147.70 ,70.03 ,361.31 ,258.68 ,1050.80 ,-,-171.73 ,-176.81 
600246.sh,2023年一季报,3847.22 ,1069.75 ,3203.43 ,9563.39 ,64.82 ,126.90 ,93.05 ,1160.21 ,-,-27.92 ,-24.97 
600246.sh,2022年三季报,4003.72 ,1206.71 ,3275.01 ,9695.00 ,67.25 ,258.37 ,157.48 ,1404.45 ,-,-269.74 ,-311.67 
600246.sh,2022年一季报,4987.74 ,1248.40 ,3400.67 ,10609.10 ,55.62 ,66.04 ,40.69 ,1277.69 ,-,-37.36 ,-32.09 
600665.sh,2023年三季报,39152.97 ,29930.80 ,35949.99 ,40983.38 ,94.24 ,5212.31 ,4608.10 ,25193.82 ,-,18.76 ,63.59 
600665.sh,2023年一季报,37623.18 ,29427.57 ,34241.84 ,39400.68 ,48.97 ,3190.81 ,2752.21 ,24720.24 ,-,32.55 ,89.36 
600665.sh,2022年三季报,41801.09 ,31998.15 ,38973.29 ,43612.81 ,24.63 ,3924.13 ,3120.06 ,30355.41 ,-,214.26 ,279.73 
600665.sh,2022年一季报,38869.90 ,28662.61 ,36063.64 ,40578.69 ,72.94 ,361.09 ,309.46 ,27437.09 ,-,-29.28 ,-37.03 
600895.sh,2023年三季报,19545.60 ,14521.28 ,31638.74 ,47515.76 ,143.30 ,1746.36 ,594.75 ,9418.58 ,-,770.14 ,1077.83 
600895.sh,2023年一季报,17778.21 ,12098.73 ,29259.88 ,44701.63 ,72.73 ,247.85 ,97.22 ,11692.55 ,-,200.21 ,249.76 
600895.sh,2022年三季报,14534.78 ,10560.09 ,24732.46 ,39978.90 ,79.16 ,1630.42 ,639.46 ,10624.03 ,-,752.93 ,1018.29 
600895.sh,2022年一季报,12203.59 ,9446.30 ,22182.51 ,36446.34 ,53.26 ,1172.99 ,427.56 ,7766.61 ,-,-223.22 ,-307.52 
000671.sz,2023年一季报,254217.83 ,176061.50 ,274393.58 ,298821.33 ,1580.73 ,1964.75 ,1772.88 ,256438.80 ,-,-540.31 ,-325.90 
000671.sz,2022年三季报,282950.96 ,192673.49 ,298480.08 ,331472.53 ,1948.74 ,18749.03 ,16981.42 ,271193.85 ,-,-5825.32 ,-4798.08 
000671.sz,2022年一季报,309034.10 ,203406.65 ,320244.67 ,358555.25 ,2355.00 ,1856.73 ,1704.62 ,279924.06 ,-,-1607.00 ,-1421.03 
002244.sz,2023年三季报,275383.88 ,187893.00 ,243950.01 ,305253.76 ,515.39 ,46392.61 ,39437.10 ,213791.35 ,-,2945.93 ,4267.36 
002244.sz,2023年一季报,273144.86 ,192019.24 ,241204.58 ,298982.20 ,503.96 ,10085.97 ,7995.32 ,200274.86 ,-,930.94 ,1324.81 
002244.sz,2022年三季报,245161.42 ,181073.46 ,227768.09 ,273981.13 ,387.44 ,19867.97 ,16560.22 ,191554.38 ,-,2324.55 ,2838.44 
002244.sz,2022年一季报,202561.74 ,154326.84 ,184250.41 ,224696.22 ,453.52 ,6182.74 ,5177.89 ,146170.14 ,-,382.09 ,535.56 
002968.sz,2023年三季报,1369.98 ,5.59 ,724.59 ,1919.12 ,839.34 ,2292.40 ,1968.09 ,670.97 ,-,132.50 ,156.21 
002968.sz,2023年一季报,1257.72 ,4.00 ,522.87 ,1706.39 ,682.84 ,725.08 ,610.79 ,490.60 ,-,47.57 ,57.17 
002968.sz,2022年三季报,1147.46 ,3.92 ,451.98 ,1533.14 ,590.05 ,1913.94 ,1586.96 ,422.48 ,-,149.29 ,175.74 
002968.sz,2022年一季报,1134.81 ,6.53 ,418.23 ,1457.02 ,510.45 ,610.80 ,501.59 ,385.92 ,-,44.16 ,52.36 
002016.sz,2023年三季报,5021.75 ,2934.29 ,1637.19 ,6530.90 ,687.07 ,1234.99 ,708.08 ,1624.89 ,-,263.79 ,344.95 
002016.sz,2023年一季报,5172.84 ,2972.93 ,1839.39 ,6532.15 ,492.28 ,300.34 ,160.67 ,1828.35 ,-,64.81 ,84.35 
002016.sz,2022年三季报,5190.15 ,3071.19 ,1771.50 ,6377.21 ,224.22 ,566.63 ,269.23 ,1763.61 ,-,124.49 ,144.85 
002016.sz,2022年一季报,5546.08 ,3061.24 ,1878.82 ,6617.77 ,196.99 ,223.63 ,91.73 ,1870.99 ,-,62.62 ,76.64 
002146.sz,2023年三季报,207181.69 ,153490.69 ,203759.04 ,229182.54 ,4533.40 ,34000.45 ,28235.16 ,174468.71 ,-,765.01 ,1115.74 
002146.sz,2023年一季报,223046.86 ,166189.86 ,220727.02 ,245725.46 ,4894.12 ,6121.04 ,5200.22 ,201512.68 ,-,-385.63 ,-216.36 
002146.sz,2022年三季报,248869.83 ,181194.30 ,234480.36 ,274807.42 ,6734.28 ,23924.64 ,21605.62 ,211502.87 ,-,-2629.32 ,-2674.35 
002146.sz,2022年一季报,262979.03 ,194966.30 ,247684.02 ,290846.81 ,6154.84 ,3814.65 ,3523.75 ,218114.97 ,-,-1090.23 ,-1240.01 
002285.sz,2023年三季报,3710.97 ,15.84 ,2506.04 ,5914.61 ,986.12 ,2596.33 ,2357.00 ,2391.26 ,-,1.04 ,7.93 
002285.sz,2023年一季报,4313.55 ,20.60 ,2947.91 ,6358.84 ,1092.82 ,788.16 ,726.62 ,2771.92 ,-,-10.48 ,-6.93 
002285.sz,2022年三季报,5076.94 ,56.27 ,3604.64 ,7357.68 ,1339.43 ,2955.65 ,2667.22 ,3290.92 ,-,-12.12 ,-33.36 
002285.sz,2022年一季报,5549.72 ,76.51 ,4762.31 ,8510.57 ,1415.28 ,940.21 ,834.09 ,3536.88 ,-,-24.82 ,-17.94 
002208.sz,2023年三季报,37043.99 ,25782.59 ,28121.59 ,38805.45 ,114.25 ,4176.66 ,3463.01 ,20640.46 ,-,332.04 ,432.44 
002208.sz,2023年一季报,34358.87 ,23172.18 ,26458.71 ,35949.99 ,159.59 ,1007.79 ,824.04 ,17939.22 ,-,55.03 ,72.35 
002208.sz,2022年三季报,30065.85 ,21833.73 ,23117.88 ,31647.41 ,110.40 ,1604.97 ,1064.65 ,15813.73 ,-,177.83 ,240.18 
002208.sz,2022年一季报,21899.54 ,16561.31 ,15129.00 ,23425.80 ,222.12 ,682.19 ,489.33 ,11485.09 ,-,46.66 ,68.90 
002305.sz,2023年三季报,19166.80 ,13756.44 ,25984.11 ,29183.55 ,336.87 ,615.75 ,997.07 ,21160.58 ,-,-1034.10 ,-1050.11 
002305.sz,2023年一季报,19438.72 ,13728.84 ,24920.61 ,28843.29 ,294.09 ,194.53 ,183.67 ,19371.40 ,-,-179.96 ,-182.29 
002305.sz,2022年三季报,25445.37 ,19808.16 ,30967.50 ,35215.35 ,227.04 ,2654.44 ,2657.02 ,24212.61 ,-,-481.52 ,-546.96 
002305.sz,2022年一季报,24594.21 ,19059.11 ,29326.15 ,33928.18 ,225.82 ,469.82 ,396.25 ,21956.47 ,-,-73.06 ,-76.36 
002377.sz,2023年三季报,734.90 ,90.34 ,575.35 ,1174.91 ,477.48 ,721.57 ,699.82 ,562.57 ,-,-85.72 ,-90.36 
002377.sz,2023年一季报,1025.98 ,137.07 ,999.64 ,1583.72 ,591.81 ,227.22 ,213.00 ,890.29 ,-,-23.27 ,-23.62 
002377.sz,2022年三季报,1311.39 ,185.73 ,1197.30 ,2053.10 ,782.26 ,1650.69 ,1651.36 ,1124.48 ,-,-252.23 ,-256.00 
002377.sz,2022年一季报,1543.77 ,192.39 ,1634.70 ,2657.82 ,814.37 ,405.13 ,428.02 ,1226.39 ,-,-107.89 ,-110.31 
002314.sz,2023年三季报,38515.89 ,21651.42 ,53038.74 ,70426.85 ,861.15 ,9382.72 ,7361.62 ,28921.45 ,-,222.37 ,516.27 
002314.sz,2023年一季报,37679.06 ,22103.16 ,50222.63 ,68624.58 ,852.46 ,5134.99 ,4062.26 ,28156.58 ,-,175.10 ,402.31 
002314.sz,2022年三季报,42831.97 ,26861.68 ,55712.81 ,73005.12 ,941.96 ,4921.04 ,3800.02 ,32753.84 ,-,-151.08 ,-92.47 
002314.sz,2022年一季报,44594.60 ,24244.01 ,55971.40 ,73450.17 ,868.36 ,1041.83 ,763.49 ,33866.53 ,-,-120.75 ,-117.65 
002147.sz,2022年三季报,3328.00 ,2126.79 ,7730.27 ,7761.44 ,116.13 ,716.70 ,556.71 ,5875.37 ,-,-96.68 ,-125.65 
002147.sz,2022年一季报,4090.38 ,2809.18 ,8310.90 ,8591.12 ,126.88 ,202.51 ,157.87 ,5801.79 ,-,-101.32 ,-99.26 
002133.sz,2023年三季报,12838.93 ,9078.89 ,10741.02 ,15538.89 ,195.51 ,7454.39 ,6778.84 ,7901.98 ,-,298.18 ,416.72 
002133.sz,2023年一季报,16599.99 ,12985.06 ,14686.17 ,19398.25 ,90.78 ,1681.18 ,1391.87 ,11424.43 ,-,197.54 ,260.64 
002133.sz,2022年三季报,18591.46 ,14878.48 ,15082.09 ,19695.49 ,56.68 ,5257.95 ,4949.69 ,11806.07 ,-,211.37 ,258.45 
002133.sz,2022年一季报,17771.76 ,14397.36 ,14589.91 ,19426.80 ,42.72 ,2276.94 ,2116.62 ,10974.11 ,-,91.08 ,117.54 
300917.sz,2023年三季报,1624.24 ,7.33 ,703.96 ,1795.39 ,470.67 ,1822.21 ,1603.43 ,679.83 ,-,92.39 ,121.58 
300917.sz,2023年一季报,1478.33 ,6.01 ,584.05 ,1586.51 ,496.60 ,549.00 ,473.89 ,565.68 ,-,35.36 ,46.36 
300917.sz,2022年三季报,1374.80 ,5.00 ,548.72 ,1483.86 ,405.14 ,1460.91 ,1265.48 ,527.69 ,-,89.70 ,117.03 
300917.sz,2022年一季报,1302.53 ,4.38 ,495.06 ,1406.22 ,345.40 ,452.95 ,389.78 ,476.77 ,-,33.07 ,43.09 
